Macht	мощь, сила, могущество, власть
wachsen	расти, вырастать, смазывать, натирать
interessiert	заинтересованный
links	лево
Hochzeit	свадьба, время расцвета
Gericht	суд, блюдо
Weihnachten	рождество, Рождество Христово
entfernt	далёкий, дальний
Verbrechen	преступление
Ehemann	муж, супруг
leihen	одалживать
betrügen	обманывать, изменить
rechts	правый
Koffer	чемодан
lächerlich	смешной, забавный
Absicht	намерение, умысел
besorgt	озабоченный
regnen	дождь идти
kehren	поворачивать, повернуть
Neuigkeit	новость
üben	упражняться
Flughafen	аэродром, аэропорт
Richter	судья, Книга Судей Израилевых
Zufall	случайность
Rechnung	счёт
verursachen	послужить причиной (чего-л.); вызывать, возбуждать (напр., спор, гнев)
stürzen	падать, сбрасывать, сталкивать, переворачивать
Kuss	поцелуй
merkwürdig	странный, необычайный; поразительный, удивительный, диковинный
Scherz	шутка, шалость
Brille	очки
bereuen	сожалеть
schmutzig	грязный, чумазый
einschlafen	засыпать
gemein	общий, простой, вульгарный, подлый
Freitag	пятница
Vorstellung	представление (кого-л. кому-л.); знакомство
ablehnen	отклонить, отказаться
Falle	ловушка
löschen	гасить, тушить, удалять
vernünftig	разумный, рассудительный, здравомыслящий, последовательный
empfehlen	рекомендовать, советовать, передать ( привет ), предлагать ( свой услуга )
Bär	медведь, мишка, медведица
Hof	двор, ферма, Хоф
peinlich	неловкий
Bürgermeister	бургомистр, мэр
versichern	страховать, страховаться
schalten	включать
Träne	слеза
empfangen	получать, принимать, приветствовать
mitteilen	сообщить
Treppe	лестница, крыльцо
vertraut	близкий, интимный
Gewissen	совесть
Huhn	курица, курятина
kündigen	расторгать, отменять
Sünde	грех
Gewehr	винтовка, ружьё
anfassen	касаться, прикасаться, трогать
vorwärts	вперёд
Hintern	зад, задница
rühren	шевелить, замешивать, трогать, растрогать
anhören	слушать, послушать, прослушать, выслушать
heim	дом
scheiden	разводиться, удаляться
ausdrücken	выражать
verwirrt	растерянный
herstellen	производить, изготавливать, устанавливать
neugierig	любопытный
Pfund	фунт
beliebt	популярный
regeln	регулировать (тж. тех.); управлять; регламентировать
begraben	хоронить
schwul	голубой, гомосексуальный, гейский
Akte	дело
zeichnen	рисовать, чертить, отмечать, отметить
befürchten	бояться, опасаться
räumen	очищать, убирать
vorbeikommen	заглянуть
hervorragend	выдающийся, замечательный
Braut	невеста
Stoff	вещество, материал, материя, ткань
bedrohen	грозить, угрожать
aufregend	волнующий, захватывающий
Lärm	шум
Gedächtnis	память
Mitternacht	полночь
Knopf	пуговица, клавиша, кнопка
Knast	тюрьма, сук, сучок
lehnen	наклонять, прислонять
aussprechen	произносить, выговаривать, выговориться, высказаться
erfreut	обрадованный, довольный
verzweifelt	отчаявшийся; в отчаянии
bedienen	прислуживать, управлять
verschieben	сдвигать / сдвинуть, передвигать / передвинуть, переместить, отложить / откладывать
auszeichnen	отмечать; делать отметки (напр., на деревьях); выделять (что-л. каким-л. шрифтом)
Teller	тарелка
ordentlich	аккуратный, порядочный
zerbrechen	ломаться, ломать
Sitzung	заседание
Kilo	кило
Beerdigung	похороны
Sendung	трансляция, эфир, передача, посылка
Magen	желудок
festnehmen	арестовывать
Gnade	прощение, помилование
dauernd	продолжительный, длительный; непрерывный, постоянный; прочный
Ehefrau	жена, супруга
beschuldigen	обвинять (кого-л. в чём-л.)
aussetzen	отпускать, выпускать, прекращать, прерывать
großzügig	великодушный, щедрый
einnehmen	принять (лекарство)
segnen	благословлять
höflich	вежливый, учтивый
Dienstag	вторник
erholen	отдыхать
aussteigen	выходить, сходить, катапультироваться, выбрасываться
Leitung	управление, руководство, газопровод, водопровод
verlegen	засунуть не туда, укладывать, переносить, переводить
Gepäck	багаж, кладь, полкажа, выкладка
Hafen	гавань, порт, Хафен
heulen	выть
wiegen	взвешивать, весить
losgehen	уходить, отправляться
befreundet	дружный, в дружбе
Miete	наём, найм, арендная плата, квартирная плата
nebenan	рядом, по соседству
stattfinden	состояться, иметь место
reizend	прелестный, очаровательный
begeistert	восторженный
Seil	канат
gelangen	добираться, достигать
ertrinken	утопать
vertragen	терпеть, выносить, переносить
Staub	пыль
Kerze	свеча, свечка
vertreten	представлять (напр., какую-л. страну), быть представителем (кого-л., чего-л.); защищать (чьи-л. интересы)
Scheidung	развод, расторжение брака
beteiligen	участвовать
wegwerfen	выбрасывать, отбрасывать
Kopfschmerz	головная боль
auseinander	врозь
zittern	дрожать, трястись
Teppich	ковёр
widmen	посвящать (что-л. кому-л., чему-л.)
vertreiben	отгонять
bewaffnet	вооружённый
schüchtern	нерешительный, робкий, стеснительный, застенчивый
Gemüse	овощ, зелень
Gebet	молитва
Handtuch	полотенце
Mitleid	сострадание, сочувствие
Zaun	забор, изгородь, ограда
bescheiden	скромный
Küste	побережье, берег, морской берег
Spaziergang	прогулка
Amt	пост, должность, правительственное учреждение, государственный орган
reinlegen	разг. надувать, одурачивать; подводить, ставить в дурацкое положение
Verdächtige	подозреваемая, подозреваемые
daheim	дома, у себя
Schachtel	коробка, пачка
Geisel	заложник
Sitz	сидение, место, местоположение, резиденция
Krone	корона, коронка, крона
übertreiben	преувеличивать, перегибать палку
gehorchen	слушаться, повиноваться
Verabredung	условие, уговор, соглашение, договорённость
beeinflussen	повлиять, влиять, оказывать влияние
Fahrzeug	транспортное средство
Zwerg	гном, карлик
aufräumen	убрать, покончить
einziehen	втягивать
mieten	арендовать, снимать
verhandeln	договариваться, вести разбирательство (в суде), разбирать вопросы
Getränk	напиток
Führerschein	водительское удостоверение, водительские права
frühstücken	завтракать
Kleinigkeit	мелочь , umg. фигня
umdrehen	перевернуть, развернуться
Turm	башня, ладья
innen	изнутри, внутри
vierte	четвёртый
ausleihen	одолжить, одалживать
Enkel	внук, потомок
Gemälde	картина
Gegenwart	настоящее, присутствие
Ärztin	женщина-врач, врачиха
kleiden	одевать (кого-л.)
kürzlich	недавно
ausdenken	выдумывать, придумывать
sehnen	скучать, тосковать
erschöpft	истощённый, утомлённый, измождённый
belästigen	докучать, надоедать (кому-л. чем-л.), обременить, беспокоить (кого-л. чем-л.)
beachten	замечать, учитывать
absichtlich	намереный, умышленный
ehren	почитать
Aufzug	лифт, акт
beunruhigen	беспокоить, тревожить
Ratschlag	совет
ernähren	питать, кормить; вскармливать
Verspätung	задержка
Esel	осёл, ишак
finanziell	финансовый, денежный
zustoßen	захлопнуть (дверь)
verleihen	дать на время
Atem	дыхание, дух
ausbrechen	сбежать
widerlich	отвратительный, омерзительный, невыносимый
regieren	управлять, править
bevorzugen	предпочитать
Buchstabe	буква
Angestellte	служащая
Schätzchen	разг. птенчик (обращение), дорогая (обращение к женщине), зайка, любимая (обращение), милая (обращение), радость моя (обращение)
Behörde	орган власти, правительственное учреждение, государственный орган
einsteigen	садиться сесть )
einschalten	включать, подключиться
Affäre	(неприятное) дело; похождение; афера
fleißig	прилежный, старательный
einbrechen	вла́мываться, рушиться
zurückgehen	возвращаться, уменьшаться, спадать, происходить
Vorhang	занавеска
durchaus	непременно, вполне, в том числе, абсолютно
Heim	дом
Rückkehr	возвращение
beseitigen	устранять
Vorwurf	упрёк, укор
ungern	неохотно, нехотя
Ofen	печь, печка, Буда, Пешт
Widerstand	сопротивление, резистор
quälen	мучить
ausgerechnet	подсчитаный, вычисленный, как нарочно, как специально
rasieren	брить, бриться
Störung	беспокойство; помеха; нарушение; расстройство
Herrgott	Господь Бог
Krankenschwester	медсестра
Bedürfnis	потребность
Ausgabe	раздача, расход, издание, номер
Sekretärin	секретарша
befördern	перевозить, транспортировать, повышать в должности, поддерживать
Bursche	бурш
Herbst	осень
Biene	пчела
Liebhaber	любовник
edel	благородный
geeignet	пригодный, подходящий
vergangen	былой, минувший, прошедший
aufstellen	размеще́ние устано́вка
Tatort	место происшествия
frieren	мёрзнуть, мне холодно
ausrichten	направлять, устраивать, передавать, добиться
ablegen	снимать (одежду, обувь)
Verhandlung	слушание дела, переговоры
Märchen	сказка
schütteln	трясти
Pfarrer	священник
Ermittlung	разыскивание, обнаружение; выяснение, установление
Mittwoch	среда
reinigen	чистить
Alptraum	кошмар, кошмарный сон
Narbe	рубец, шрам, рыльце, дёрн
erzeugen	производить
neigen	наклоняться, наклонять, быть склонным
Zahnarzt	зубной врач, стоматолог, дантист
unabhängig	независимый
beurteilen	судить
Ausrede	отговорка
Gehalt	содержание, зарплата
Sarg	гроб
aufbringen	разг. (с трудом) открывать
Felsen	скала
Glaube	вера, уверенность
Fass	бочка
reingehen	войти, зайти внутрь
Laster	порок, грузовик
verdächtig	подозрительный
zünden	зажигать; воспламенять; взрывать, подрывать
erregen	возбуждать
Stirn	лоб
ablaufen	стекать, вытекать
Raumschiff	космический корабль, космическое судно
Brunnen	колодец
Hubschrauber	вертолёт
fünfte	пятый
unterzeichnen	подписывать
Schluck	глоток
regelmäßig	правильный; закономерный
verärgern	разозлить
Korrektur	поправка
verreisen	уехать она уехала
Heirat	свадьба
Bevölkerung	население
Einbruch	взлом
Erdbeben	землетрясение
aufrichtig	искренне
Gegenstand	предмет
spenden	жертвовать
ersticken	задыхаться, душить, тушить, гасить
Feder	перо, ручка, авторучка, пружина
Vorschrift	пропись, образец (письма)
verwickeln	спутывать, запутывать (пряжу)
hinfahren	отвозить (туда)
leuchten	светиться
aufhängen	вешать
Anklage	обвинение, упрёк
anklagen	(G и wegen G) обвинять (кого-л. в чём-л.), предъявлять обвинение (кому-л. в чём-л.)
Anlass	причина, основание
einmischen	вмешивать (тж. перен.)
zurzeit	сейчас, в настоящий момент
grob	грубый
pleite	банкротство, крах, неудача
ausreden	отговорить, договорить
freilassen	выпускать, освобождать, отпускать на волю
kleben	клеить, склеивать
anrichten	совершать
Datei	файл
ausgezeichnet	прекрасный, отличный, блестящий
soeben	только что
herunter	вниз (по направлению к наблюдающему)
Schirm	зонтик, зонт, экран
Glocke	колокол
rausholen	вытащить, достать
Ross	скакун, конь
Fleck	пятно
überfahren	переезжать, давить, проезжать
abziehen	удаляться, удалять, вычитать, точить
Verfassung	состояние, конституция
Unschuld	невинность, девственность
ohnmächtig	обморочный, без сознания, бессильный
bezaubernd	обворожительный, очаровательный
läuten	звонить
steuern	вести, регулировать, управлять, руководить
Friedhof	кладбище
Wurm	червь, червяк
Gemeinde	община, муниципалитет
weswegen	из-за чего, поэтому, из-за этого
Umschlag	конверт, компресс, примочка, припарка
Schublade	выдвижно́й я́щик, я́щик
Praxis	практика, кабинет
kratzen	расчёсывать, чесать; царапать; скрести, скоблить
vorlesen	зачитывать
Verlobte	невеста
Zeitschrift	журнал
sprengen	подрывать (тж. перен.); взрывать
aussagen	сказать, высказать
hinunter	вниз
scheinbar	мнимый, кажущийся
pflanzen	сажать, посадить (растения)
Grundstück	земельный участок, имение
deuten	указывать, истолковывать, интерпретировать
Nachname	фамилия
Eimer	ведро
Tugend	достоинство
vermasseln	испортить, провалить
Mütze	шапка
ausrauben	разграблять
einlassen	впускать, наливать, наполнять, начать
Süßigkeit	сладость
Überlebende	выжившие, уцелевшая
Eichhörnchen	белка, веверица
bewusstlos	бессознательный
abreisen	уезжать
schmelzen	плавиться ( расплавиться ), таять ( растаять ), плавить ( расплавить ), растапливать ( растопить ), таять ( растаять )
verkleiden	наряжаться
Kofferraum	багажник
günstig	недорого, дёшево
einschließen	запирать, закрывать на ключ
Korb	корзинка, короб
geheimnisvoll	таинственный
nochmals	ещё раз
ermitteln	узнавать, разузнавать, выяснять, определять, устанавливать, обнаруживать, разыскивать; добывать (сведения)
hervor	наружу, вперёд
Brieftasche	бумажник
widerstehen	устоять, выдерживать
klagen	оплакивать, жаловаться, подавать
wischen	стирать, протирать, давать пощёчину, листать
Hoheit	величие
Diebstahl	кража, воровство
Schmetterling	бабочка, мотылёк, баттерфляй
bewachen	охранять
angemessen	соответствующий
Saft	сок
Niederlage	поражение
verklagen	предъявить иск
Haken	крючок, галочка, загвоздка, крюк
Feiertag	праздник, празднество
Wal	кит
trösten	утешать
Außerirdischer	инопланетянин, пришелец
Besprechung	совещание, дискуссия, обсуждение, рецензия
Beschwerde	претензия, жалоба
eilen	спешить, торопиться
ausfallen	отменяться
Änderung	изменение
spucken	плевать
Vorname	имя
aufbewahren	сберегать, сохранять
Kissen	подушка
U-Bahn	метро, метрополитен
Streich	удар
knacken	трещать; хрустеть
Hintergrund	задний план (тж. перен.)
Böses	зло, дурное
eigenartig	странный, необычный
einschlagen	вбивать, забивать, вколачивать
Herrschaft	власть, правление, господство, господа
ähneln	быть похожим, походить (на кого-л.)
Angeklagte	юр. подсудимый, обвиняемый
Eigenschaft	свойство
stolpern	спотыкаться
Löffel	ложка
abwarten	выжидать, ждать
auflösen	распускать, распутывать
segeln	идти под парусом
fernhalten	отстранять (кого-л. от чего-л.); удерживать (кого-л. от чего-л., от общения с кем-л.)
Trost	утешение
Anwesenheit	присутствие
frech	дерзкий, нахальный, наглый
Taube	голубь, голубка , голубок, глухая
Premierminister	полит. премьер-министр
Kehle	горло
eventuell	возможный, вероятный возможно, вероятно
Forderung	требование, вызов
geschäftlich	деловой
gespannt	напряжённый, заинтригованный
erstens	во-первых
beklagen	жаловаться, сетовать
geduldig	терпеливый
Regal	полка, регалия
Vorfahre	предок
Betrüger	мошенник, обманщик
Blutdruck	кровяное давление
abstellen	поставить, перестать, выключить
Wange	щека
abfahren	отправляться, отъезжать, вывозить, дать от ворот поворот
Nadel	игла
Honig	мёд
eindringen	внедрение, вторжение, проникновение
Sauerstoff	кислород
Zeh	палец на ноге, палец ноги
einholen	догонять, нагонять
Handschelle	наручник
prügeln	бить, колотить, избивать
bedeckt	покрытый
Klage	жалоба
überzeugend	убедительный
dreißig	тридцать
stundenlang	длящийся часами
zuschlagen	захлопывать
Würde	достоинство, титул
Scheune	сарай
Botschafter	посол
Stall	стойло
erbärmlich	жалкий
beraten	советовать
Frisur	причёска
übertrieben	чрезмерный
anzünden	зажигать
hereinkommen	входить
auslöschen	гасить, тушить
gruselig	жуткий
vergewaltigen	насиловать, изнасиловать
beugen	сгибать; наклонять
erben	наследовать
Betrug	обман, мошенничество, надувательство
Daumen	большой палец
Vorrat	резерв, запас, припас
Nichte	племянница
Einzelheit	подробность
Topf	кастрюля, горшок
zweifellos	несомненно , несомненный
Handtasche	сумочка
Bohne	боб, фасоль
Silber	серебро, серебряная посуда, серебряная медаль
kritisieren	критиковать
Ladung	груз, заряд, вызов, повестка
Heilmittel	лечебное средство
verärgert	сердитый
umgekehrt	обратный
erwidern	отвечать, возражать
verwunden	ранить
Fahne	флаг, знамя
anmachen	приправлять, зажигать, включать, прикреплять
unterschätzen	недооценивать
geradeaus	прямо
dar	представлять (собой)
erwecken	будить
anfangs	сначала
verkünden	возвещать, провозглашать, объявлять, обнародовать
hinkriegen	разг. справиться (с чем-л.); осуществить, совершить (что-л.)
Fahrkarte	билет
Nachbarschaft	соседство
erstellen	творить, сотворить, создавать, строить
Versammlung	собрание, ассамблея
abreißen	отрывать, разрываться, обрываться
behilflich	полезный
abhängig	зависимый
zuständig	ответственный
Kram	хлам, барахло, пожитки, скарб
Gürtel	пояс
Trennung	разделение, разрыв, разлука, развод
taugen	годиться, быть (при)годным (на что-л., для чего-л., к чему-л.)
plaudern	болтать
schleppen	тащить, тащиться, тянуть, таскать
betteln	просить
ernennen	назначать (кем-л., на какую-л. должность); производить (в офицеры и т. п.); посвящать
beabsichtigen	задумывать, замышлять, намереваться
urteilen	судить
beneiden	завидовать
Trinkgeld	чаевые
Bargeld	наличные деньги
rutschen	скользить
Nachbarin	соседка
vereinbaren	согласовывать (с кем-л.)
austauschen	обменивать
Lehre	учение, инструкция
Leine	поводок, Лайне
verbrechen	провиниться
vergraben	закапывать, закопать
anfühlen	ощупывать
Taschentuch	носовой платок
Sau	свиноматка, свинья
auswendig	наизусть
leugnen	отрицать, оспаривать, отвергать
übertreffen	улучшать, увеличивать, превосходить
ausstehen	испытывать, терпеть, выносить (боль, страх и т. п.)
ausfüllen	заполнить
unterdrücken	сдерживать, удерживать
Geständnis	признание
Staatsanwalt	прокурор, обвинитель
deinetwegen	ради тебя
Drehbuch	сценарий
bemerkenswert	достойный внимания, замечательный
erkälten	простывать, простужаться, морозить, замораживать
bewerben	добиваться
senken	опускать, понижать
Blödmann	дурак
biegen	гнуть, сгибать, огибать, гнуться
erraten	угадать
Zettel	записка
Henker	палач
entsetzlich	ужа́сный, жу́ткий
Fahrstuhl	лифт
andauernd	продолжительный, длительный; постоянный
davonkommen	уйти, отделаться (от кого-л., от чего-л.)
Ernte	урожай
hinzu	вдобавок, к тому же
Sender	радиопередатчик
gönnen	позволить себе
Rente	пенсия, рента
begabt	одарённый, талантливый
Beleidigung	оскорбление
einpacken	упаковывать
Zerstörung	разрушение, разорение, опустошение, уничтожение, нарушение, порча
Geheimdienst	секретная служба
Fresse	морда животного
quatschen	болтать
Gans	гусь, гусыня, курица
Bogen	кривая, дуга, арка, свод
gefälligst	пожалуйста, если угодно
Versuchung	искушение
Fee	фея
umwerfend	поразительный; потрясающий, умопомрачительный
aufsetzen	надевать; насаживать; ставить (на что-л.)
berechnen	вычислять, исчислять; (с)калькулировать; подсчитывать, оценивать
lauschen	подслушивать, слушать
Vergebung	прощение
Gespenst	призрак, привидение
Kern	ядро, косточка, ядрышко, активная зона реактора
Gerede	злословие, сплетня
dazwischen	между этим
herbringen	приносить, приводить; привозить
erschlagen	убивать
gelassen	спокойный, невозмутимый, хладнокровный
Vermutung	догадка, предположение, допущение
wehen	веять, дуть, развеваться
Qual	мука
Seife	мыло
Handschrift	почерк
Manier	манера
aufwecken	(раз)будить
verspäten	опаздывать
Geste	жест, мышиный жест
blutig	кровавый
vorübergehend	временный
Gipfel	вершина, встреча на высшем уровне, саммит, верхушка
färben	красить
rückwärts	обратно, назад
Aufzeichnung	зарисовка, набросок
hierhin	сюда
Leber	печень
Bestellung	заказ, возделывание, доставка
Friseur	парикмахер
Kloster	монастырь, Клостер
Beamte	чиновник; служащий; государственный служащий, должностное лицо
Verpflichtung	обязанность, обязательство, договорённость, задолженность
Einrichtung	оборудование, учреждение учреждение социального назначения
Bemerkung	замечание
Enttäuschung	разочарование
Sammlung	коллекция
unerträglich	невыносимый
unter-	под-
Schildkröte	черепаха
vollbringen	совершать
fortgehen	уходить
Aufstand	бунт, восстание, мятеж
Rechtsanwalt	адвокат
schwitzen	потеть
Winkel	угол, треугольник
beschleunigen	ускорять, ускоряться, форсировать
Bildung	образование
Schüssel	миска
Umgang	обход; объезд
vorwerfen	бросать (вперёд)
umlegen	надевать, накидывать (пальто)
Unterwäsche	нижнее бельё
gestohlen	краденый, ворованный
Balkon	балкон
erpressen	принуждать, вымогать, шантажировать
anrühren	трогать (что-л., кого-л.), прикасаться, притрагиваться (к чему-л., к кому-л.)
Lastwagen	грузовик
zubereiten	готовить
Birne	груша, лампочка
reiben	тереть, натереть, протереть, вытереть
Schurke	негодяй, жулик, плут
Zuneigung	склонность, расположение
anzeigen	показывать
Betracht	употр. в сочетаниях: etw. außer Betracht lassen — не принимать что-л. во внимание [в расчёт], не учитывать что-л.; etw. in Betracht ziehen — принимать во внимание [в расчёт], учитывать что-л.
Flüchtling	беженец / беженка
überdenken	продумать, обдумать
Ameise	муравей
entziehen	лишать, избегать
Zeichnung	рисунок
befassen	ощупывать, трогать
verfallen	разрушаться, истекать
durchkommen	проходить, проезжать
hüten	оберегать, охранять, стеречь
gewalttätig	насильственный
Nachtisch	десерт
aufführen	воздвигать, возводить, сооружать (здание, стену, насыпь)
überaus	чрезвычайно
Angewohnheit	навык, привычка
Erkenntnis	филос. познание
roh	сырой, необработанный, черновой, грубый
versäumen	упустить, пропустить
verarbeiten	обрабатывать, перерабатывать, расходовать, употреблять
neidisch	завистливый
aufessen	съедать
Streichholz	спичка
örtlich	местный, локальный
andermal	в другой раз
Anwältin	адвокат (о женщине)
Vertreter	представитель
Schal	шарф
beantragen	ходатайствовать
streicheln	гладить, ласкать
einreichen	подавать, вносить
Neugier	любопытство
Gebot	за́поведь
Gleichgewicht	равновесие
stopfen	штопать
beauftragen	поручать
Einspruch	возражение, протест; отпор
schiefgehen	разг. не удаться, провалиться, сорваться, плохо кончиться
anschreien	прикрикнуть, (на) кричать (на кого-л.)
Verzweiflung	отчаяние
Standpunkt	точка зрения
Zwiebel	лук, луковица
Axt	топор
strahlen	излучать, светить, сиять
Privatsphäre	сфера личной жизни, личная сфера
Dose	банка
veranstalten	организовывать, организовать
Einwohner	житель
Hurensohn	уничиж. ублюдок, сукин сын, паршивец
Mönch	монах, славка черноголовая
auskommen	обходиться
verschlucken	проглатывать, глотать (тж. перен.)
Anhänger	прицеп, приверженец
Schwachkopf	слабоумный (тупоумный) человек, дурак
zurücktreten	отступать, отходить, уйти в отставку
bestechen	подкупать
Flüssigkeit	жидкость
liebevoll	заботливый
Knabe	мальчик, отрок
anbringen	устанавливать, приделывать, прикреплять
beängstigend	тревожный, пугающий
heimkommen	возвращаться домой
Tankstelle	заправочная станция, заправочная
Welpe	щенок
verknallen	влюбиться, втюриться, втрескаться
Bezahlung	оплата; платёж
ausbilden	обучать (специальности, военному делу и т. п.), готовить (к работе по какой-л. специальности)
ausländisch	иностранный
veranlassen	поручить, побуждать
Rohr	труба, ствол
Mehrheit	большинство
Tuch	сукно, платок
Hochzeitstag	день свадьбы
büßen	искупать, искупить (вину)
Tänzerin	танцовщица
Unterkunft	убежище
großziehen	воспитывать, растить
schmieren	смазывать, мазать; намазывать; промазывать, вмазывать
heiter	весёлый, безо́блачный, я́сный (о пого́де)
Phantasie	фантазия
voneinander	друг от друга
schmerzhaft	болезненный
Erkältung	простуда
fälschen	подделывать (подпись и т. п.)
Einbrecher	взломщик
Bemühung	усилие, труд, старание; хлопоты (um A о чём-л.)
einlegen	вкладывать, вставлять, помещать; закладывать
herausstellen	оказываться, подчёркивать, выставлять, отстранять
Gitter	сетка
Erziehung	воспитание, воспитание ; [4] дрессировка, взращивание, дрессировка
anerkennen	признавать, уважать
beschaffen	быть в состоянии , быть предназначенный , быть способный, мочь, приобретать
ungerecht	несправедливый
Teich	пруд
Schere	ножницы, клешня
erzielen	добиваться, достигать (чего-л.)
Zeitplan	расписание, график
anstarren	(неподвижно) уставиться, пристально смотреть (на кого-л., на что-л.); вылупить глаза (на кого-л., на что-л.) (разг.)
Köder	приманка
durstig	жаждущий
Pullover	свитер
entspannt	расслабленный, спокойный
vorziehen	предпочитать
Vereinbarung	соглашение, договорённость
aufrecht	прямой (вертикальный)
Telegramm	телеграмма
Dom	собор
meiden	избегать, сторониться, уклоняться
Erdbeere	земляника, клубника
pflücken	рвать, срывать, собирать (цветы, плоды и т. п.)
Gasse	переулок
Schnitt	пересечение, сечение, порез, срезанное
abscheulich	отвратительный
brennend	горящий, пылающий (тж. перен.)
hinbringen	относить; отвозить; отводить; приносить; приводить (туда)
bedürfen	нуждаться (в чём-л.)
Feuerwehr	пожарная команда, пожарник
winken	махать, маячить, светить
Aktie	акция
steif	жёсткий, твёрдый; негнущийся
unverzüglich	немедленно, неотложно, незамедлительно, безотлогательно
Verschwörung	заговор
begehren	жаждать
sichergehen	действовать наверняка, не рисковать
Schnecke	улитка, плюшка, баранка, завиток
Bezirk	район, округ
Genehmigung	одобрение, согласие
abheben	забирать, взлетать, снимать
hegen	оберегать (кого-л., что-л.), лелеять (кого-л.), ухаживать (за кем-л., за чем-л.)
Rahmen	рама, рамка, оконная рама, оконный переплёт
scheren	стричь, подрезать, заботиться, интересоваться
Kaugummi	жевательная резинка, жвачка
sachte	тихонько, осторожно
Beeilung	спешка
Hüfte	бедро, огузок
Institut	институт, здание института, правовой институт
Schläger	бьющий (тж. спорт.)
Ballon	баллон
wickeln	обертывать
mitgehen	сопровождать (кого-л.), идти вместе (с кем-л.)
klarkommen	разг. mit einer Sache klarkommen — завершить какое-л. дело
überflüssig	ненужный, излишний
bestreiten	оспаривать, опровергать
erwerben	приобретать, покупать
kindisch	ребячиться
hinrichten	казнить
Schinken	ветчина
ernten	убирать, пожинать
überbringen	передавать
einmalig	однократный, единственный, необыкновенный, превосходный
Ehrlichkeit	честность
sonderbar	необычный
unzufrieden	недовольный
Nickerchen	дремота
auslachen	высмеивать
Senat	сенат, государственный совет
abbiegen	погнуть, повернуть
Maler	художник, маляр
Obst	фрукты
hüpfen	прыгать, скакать, припрыгивать
Pfeife	свисток, трубка
Nacken	шея
borgen	занимать (брать/давать взаймы)
Schuppen	сарай
Kutsche	экипаж, карета, повозка, корыто
mitfahren	ехать вместе
fünfzehn	пятнадцать
Debatte	прения, обсуждение
Ungeheuer	монстр
Sängerin	певица
fertigmachen	заканчивать / закончить, завершать / завершить, прикончить, доконать
Geschworene	присяжные
erschüttern	потрясти; (по)колебать; подрывать
Abkürzung	сокращение
Entführung	похищение
erstaunt	изумлённый, удивлённый
verwöhnen	ублажать, баловать, избаловать
Eifersucht	ревность
Zustimmung	согласие, одобрение
demütigen	унижать, унижаться
Geschirr	посуда, сбруя
abstürzen	разбиваться
Ärmel	рукав
misstrauisch	недоверчивый
Fledermaus	летучая мышь
schräg	косой / косая / косое, кос / коса / косо, наклонный / наклонная / наклонное, наклонен / наклонна / наклонно
Spitzname	прозвище, кличка, кликуха, погоняло
vertraulich	близкий, интимный; хорошо (давно) знакомый
Kasten	ящик
verspüren	почувствовать, ощутить
Flotte	флот, флотилия
finster	мрачный, тёмный
unverschämt	наглый, нахальный, бесстыдный, бессовестный
ungut	недобрый
Treffer	попадание (напр., пули)
Heimweg	обратный путь домой (на родину)
zufügen	добавить, добавлять, причинять, причинить
Fach	предмет
Geschöpf	существо
Miststück	стерва, дрянь
Bleistift	карандаш, простой карандаш
anfahren	сталкиваться
Lügnerin	врунья, лгунья
ergehen	etw. ergehen lassen — издавать, опубликовывать, объявлять (приказ и т.п.)
beinhalten	включать, требовать, зависеть, предусматривать
leidenschaftlich	страстный, пылкий
restlich	оставшийся, остающийся
erforderlich	необходимый, нужный, требуемый
Ersatz	замена, заменитель, суррогат, эрзац
Einkaufszentrum	торговый центр
wärmen	греть, нагревать, согревать, разогревать, обогревать
mittags	в полдень
Zitrone	лимон
Niere	почка
verhören	допрашивать
Veranda	веранда
bremsen	тормозить
besteigen	влезать
stumm	немой
Bude	лавка, ларёк, палатка (на рынке); магазин
Feuerwerk	фейерверк
Segel	парус
saugen	сосать
auslassen	упускать
Einkommen	доход
Schalter	выключатель, окошко, стойка
vögeln	разг. случаться, спариваться, пялить
verkehren	неперех. общаться, поддерживать отношения (знакомство), сноситься (с кем-л.); связываться (по телефону) (с кем-л.)
Becher	стакан, Чаша
fabelhaft	баснословный, чудесный
Bote	гонец, курьер, посыльный
laufend	бегущий, непрерывный, текущий
apropos	кстати
flüssig	жидкий
Kreuzung	перекрёсток
benachrichtigen	уведомлять, информировать
weitergeben	передавать
abwenden	предотвратить, отвернуть
Ast	ветка, сук, ветвь, сучок
Spende	пожертвование
gegenwärtig	современный
Mücke	комар, Мюкке
sonntags	по воскресеньям
Erlebnis	опыт
erweitern	расширять, распространять, увеличивать
fehlend	недостающий; отсутствующий
Vorlesung	лекция
aufeinander	друг на друга
Meldung	извещение, уведомление
zulegen	добавлять, прибавлять, докладывать
fließend	текущий; текучий
Untergang	закат, заход (светила)
Bildschirm	экран
Veranstaltung	организация подготовка, мероприятие, концерт, собрание
Pfannkuchen	блин, колобок
Karton	картон, коробка
gutaussehend	привлекательный внешне, обладающий приятной внешностью
Wettkampf	соревнование
Großeltern	дедушка и бабушка
Ohrring	серьга, серёжка
Rollstuhl	кресло-каталка
Dampf	пар
Speck	шпик
wiedererkennen	узнавать (кого-л.)
Stockwerk	этаж
bunt	красочный, пёстрый, разноцветный, яркий
Draht	провод
beitragen	содействовать (в чём-л.), способствовать (чему-л.), вносить свой вклад (во что-л.)
vorsehen	предусматривать, намечать; планировать
Pfote	лапа
pressen	прессовать
Klippe	утёс
Gunst	благосклонность, милость, покровительство, любезность
nebenbei	мимоходом
Lamm	ягнёнок, ягнятина
streben	направляться, стремиться
Dosis	доза
wegkommen	уходить; уезжать
Rind	крупный рогатый скот, говядина
ermutigen	ободрять, воодушевлять
schütten	сыпать, лить
Schnurrbart	усы
Parlament	собрание, парламент
Chefin	руководительница; начальница; владелица предприятия
Spinne	паук
Kaution	залог
amüsant	забавный
uralt	древний, древнейший
zurückzahlen	уплачивать, возвращать (долг)
Lippenstift	губная помада
Ampel	подвесной светильник, светофор, подвесной горшок
nachgeben	подать, добавить, уступать, соглашаться
Mandant	юр. мандант, доверитель
Abwechslung	перемена, развлечение, разнообразие
ungeduldig	нетерпеливый
hinweisen	обратить чьё-либо внимание на что-либо, напомнить кому-либо
Klinge	клинок
jucken	Юккен
Poesie	поэзия
Nonne	монахиня, шелкопряд-монашенка, монашка (желобчатая черепица)
Kragen	ворот, воротник, воротничок
auspacken	распаковывать, распаковать
Dorn	шип, колючка, шило
Austausch	обмен
Kraut	зелень, трава, капуста
Vorstand	правление
Flitterwochen	медовый месяц
Vaterland	отечество, родина
wahrnehmen	воспринимать
betonen	делать ударение (на чём-либо), подчёркивать
Börse	биржа, кошелёк
auffordern	просить (сделать что-л); призывать (кого-л к чему-л)
Tresor	сейф
Sturz	падение (с высоты)
zeugen	зачать; производить на свет, рождать
hinstellen	ставить, поставить
Gabel	вилка
Mehl	мука, Мель
hochgehen	подниматься
genehmigen	(благосклонно) принять
gelangweilt	скучающий
amüsiert	развеселённый, позабавленный
Reisende	путешественник, путешественница
ansetzen	ставить, приставлять, подставлять; подводить; подносить
Truthahn	индюк
schnarchen	храпеть
Anschuldigung	обвинение
verfassen	сочинять
Komitee	комитет
verlängern	удлинять, продлевать, разбавлять
überholen	обгонять, реконструировать, ремонтировать
umkommen	погибать, портиться
züchten	разводить, выращивать, культивировать (растения)
Tänzer	танцор
Kammer	комнатка
zuschauen	наблюдать, смотреть
widerfahren	случаться
jeweils	каждый, каждый раз
Läufer	бегун, полузащитник, слон, дорожка
Ruder	весло, штурвал, руль
wimmeln	кишеть (чем-л.)
Reue	раскаяние
Beobachtung	наблюдение
Finsternis	тьма, темнота, мрак, затмение
Eule	сова, совка, полуночник
demnächst	скоро
umkehren	поворачивать обратно (назад); ложиться на обратный курс
verwirrend	сбивающий с толку
berauben	(о)грабить, обирать
Sitte	обычай, нрав
erstatten	возмещать
Schöpfer	черпак, ковш, создатель, автор
durchhalten	продержаться, выстоять, выдержать до конца
Weltall	вселенная, космос, мироздание
Begleitung	сопровождение, охрана
rausbringen	вынести, вывести
verdrehen	скручивать; перекручивать; крутить
entzückend	прелестный, восхитительный; обворожительный; замечательный
Erscheinung	явление, появление
verschütten	засыпать, завалить, проливать
versehentlich	ошибочный
Deckel	покрышка, крышка
aufteilen	поделить, разделить
heikel	придирчивый, щекотливый, деликатный, щепетильный
deprimieren	удручать, угнетать
Todesstrafe	смертная казнь
klemmen	зажимать, защемлять; прищемлять; сдавливать, сжимать
unzählig	бесчисленный, несметный
Mitbewohner	сожитель
ansteckend	мед. заразный, инфекционный
beichten	исповедоваться (в грехах)
davonlaufen	убегать
blenden	ослеплять
Verein	объединение
Bonbon	конфета, леденец
umgehend	немедленный
Grippe	грипп
Verhaftung	арест, задержание; взятие под стражу
vermisst	пропавший, без вести пропавший
verbrauchen	потреблять
Kratzer	царапина
Flecken	пятно
lahm	парализованный, медленный, скучный
ereignen	случаться, происходить
quer	через
vortäuschen	симулировать
schuften	разг. надрываться, вкалывать, работать, не разгибая спины
Bischof	епископ
unmittelbar	прямой, непосредственный
glänzend	блестящий, сияющий; лоснящийся
Riss	трещина, разрыв, сечение, расщелина
Ausbruch	начало (войны, грозы и т. п.); (внезапное) возникновение; вспышка, взрыв
Hülle	оболочка, скорлупа, упаковка
Türe	дверь
scheußlich	ужасный
immerzu	постоянно, беспрерывно, всё время; то и дело
erbauen	строить
Wahrscheinlichkeit	вероятность
vollenden	завершать, заканчивать
christlich	христианский
verriegeln	запирать
anderthalb	полтора
wiedergutmachen	возмеща́ть
schlank	тонкий, стройный
Entführer	похититель (женщины, ребёнка)
vorerst	сперва, прежде всего, пока
Platte	доска, плита, пластина, пластинка
entwischen	ускользать
Perücke	парик
kneifen	щипать, сжимать, отступать
beheben	устранять, ликвидировать (напр., недочёты); преодолевать (трудности)
vorläufig	предварительный, временный, временно
verlässlich	надёжный
kauen	жевать
einjagen	вгонять, загонять; вбивать
klarstellen	выяснить, распутать, разъяснять, объяснить, прояснить
vernehmen	слушать, допрашивать
hinkommen	приходить (туда); попадать (туда)
Ähnlichkeit	сходство, подобие
ausflippen	быть вне себя
Stier	бык, Телец
Wirt	хозяин, квартиросдатчик, реципиент
Bestätigung	подтверждение
Angehörige	члены, участники, родственница
schlüpfen	проскользнуть, скользнуть, ускользнуть, напялить
Fußboden	пол
Jammer	плач, причитание, вопль, стенания
Ader	кровеносный сосуд, прожилка, прожилок, жила
auffinden	находить, отыскать
Päckchen	небольшая розничная упаковка; пакетик конфет и т. п., пачка сигарет и т. п.
unwohl	плохо (себя чувствовать)
verschreiben	допустить ошибку, выписывать, прописывать, посвятить себя (чему-либо), отдаться (чему-либо)
bessern	улучшать, делать лучше, улучшаться, становиться лучше
Philosoph	философ
Besen	метла, веник
Erfüllung	выполнение, исполнение, осуществление
Verband	соединение
jährlich	ежегодно
Gatte	муж, супруг
herausbekommen	(с трудом) вытащить, извлечь (напр., гвоздь)
Handgelenk	запястье
nähren	питать, кормить
erkundigen	справляться / справиться (&lsqb; &rsqb, осведомляться / осведомиться (&lsqb; &rsqb, разузнавать / разузнать , узнавать / узнать (
Damm	насыпь, вал, дамба, плотина
Ausstellung	выставка
derart	настолько, до такой степени
Würfel	куб, кубик, игральная кость
Sonnenbrille	со́лнечные очки́
hinnehmen	брать, взять (себе)
schummeln	мухлевать
umfallen	опрокидываться, падать
ausschließlich	исключительный, исключительно, исключая, не включая
Soße	соус
Mühle	мельница
gesellschaftlich	общественный
niederschlagen	влиять, воздействовать
Notizbuch	записная книжка, блокнот
klatschen	хлопнуть
nachmittags	днём
säubern	чистить, мыть; убирать
Regenbogen	радуга
Messe	месса, католическая литургия, богослужение; обедня
Bruch	разрыв, перелом, грыжа, нарушение
Wecker	будильник, Веккер
rückgängig	обратный, попятный
Donner	гром
Sahne	сливки, сбитые сливки
schubsen	толкать
ausstatten	одарять, наделять
Briefmarke	почтовая марка
beerdigen	хоронить, погребать
vermieten	сдавать внаём; отдавать напрокат
Prophezeiung	пророчество
vorgeben	притворяться, прикидываться, задавать, устанавливать
Verwendung	употребление, применение, использование, ходатайство
Höflichkeit	вежливость
Einwand	возражение
Rücksicht	внимание
Schale	кожура, скорлупа, панцырь, пиала
sofortig	немедленный
berücksichtigen	учитывать, принимать во внимание
vorfallen	случаться, происходить
Vers	стих, строфа
Prostituierte	проститутка
Wörterbuch	словарь
Orangensaft	апельсиновый сок
umsetzen	переставить, реализовать, претворить в жизнь, выполнить
Fälschung	фальсификация
ausfindig	разыскать, обнаружить
Tierarzt	ветеринар
gedenken	помнить, намереваться
schreiten	шагать, ступать; шествовать; идти
hinsehen	взглянуть
vergießen	поливать
Glückspilz	счастливчик
Abzug	отход, вывод войск, вытяжка, вычет
abgehen	отходить, отправляться; уходить; уезжать, отплывать; стартовать; делать бросок со старта
betäuben	оглушать (о шуме)
einbauen	встроить
Großteil	большая часть
bohren	сверлить
vorbeischauen	(умышленно) не видеть (не замечать) (кого-л., чего-л.); не обращать внимания (на кого-л., на что-л.)
Lebensunterhalt	средства к жизни; пропитание
schmücken	украсить
erwürgen	душить
entzünden	зажигать, возбуждать, загораться, воспаляться
Autogramm	автограф
einleiten	начинать
Zutat	ингредиент
zurechtkommen	справляться
Glanz	глянец, блеск, сияние, лоск
Gesichtsausdruck	выражение лица
hinziehen	тащить, тянуть (туда)
Menschlichkeit	человечество
Wrack	обломок
Rippe	ребро
stricken	вязать
Gewerkschaft	профессиональный союз, профсоюз
überreichen	вручать
verblüffen	ошеломлять, озадачивать, поражать (кого-л. чем-либо)
Verbesserung	поправка, исправление
Luxus	люкс, роскошь
verschicken	отправлять, посылать, рассылать, направлять
Zivilist	гражда́нское лицо́
Anfall	приступ, припадок
abweisen	отказывать, отказывать (в иске), отклонять, оставлять без удовлетворения, не удовлетворить (иск, исковое заявление)
verehrt	почитаемый
Hausfrau	домохозяйка
Tarnung	kamufljásh
gleichgültig	равнодушный, безразличный, безучастный
befriedigen	удовлетворять
Abfall	отбросы
insbesondere	особенно, в особенности, прежде всего
loslegen	начинать; приниматься за что-либо
joggen	бегать трусцой
Rechner	компьютер, микрокалькулятор
selig	благословенный, счастливый
strahlend	излучающий; лучистый
Bewährung	устар. подтверждение (на деле), доказательство (чего-л.)
schleifen	точить
vorbeigehen	проходить, пройти мимо
ärgerlich	раздражающий
glänzen	блестеть, сиять; лосниться
erlösen	освобождать, избавлять, спасать; выручать; выкупать
Bücherei	библиотека
Karre	тачка; тележка; вагонетка
Schmutz	грязь
Fähre	паром
berufen	ссылаться, апеллировать, назначать
Sklaverei	рабство
Stau	пробка
durchfallen	проваливаться, падать (сквозь что-л.); проскакивать (через грохот, решето)
Sanitäter	мед. санитар
verabscheuen	ненавидеть
munter	бодрый, весёлый
Briefkasten	почтовый ящик
Vorsitzender	председатель
Halskette	ожерелье
taufen	крестить
basteln	мастерить
Gauner	мошенник, ловкач
Maulwurf	крот, диверсант, шпион, вражеский агент
Seide	шёлк, повилика
Hintertür	задняя дверь; чёрный ход
Dolch	кинжал, кортик
schmieden	ковать
Garderobe	гардероб
klammern	техн. скреплять скобой
Schütze	стрелок, Стрелец
Notaufnahme	отделение экстренной помощи
Leichnam	труп
Zutritt	доступ; вход
Gleis	рельсы, путь
Junggeselle	холостяк
Kröte	жаба, деньги
repräsentieren	представлять (какую-л. страну, организацию и т. п.)
Wohlstand	преуспевание
ärztlich	врачебный, медицинский
predigen	проповедовать
Vergewaltigung	изнасилование
Vorurteil	предрассудок
Regenschirm	зонт
Neid	зависть
aufschlagen	удариться, распахнуться, вспыхнуть, разбить
Leser	читатель
Verlobung	обручение
Sicherheitsdienst	охрана, служба безопасности
Berufung	призвание, ссылка, апелляция, приглашение
Nebenwirkung	побочное действие
indisch	индийский
verboten	запрещённый
erstechen	закалывать, убивать
Unabhängigkeit	независимость
Reinigung	чистка, химчистка
Schwiegermutter	тёща, свекровь
spätestens	самое позднее
zucken	вздрогнуть; вздрагивать, подёргиваться; трепетать, биться
Ehrgeiz	честолюбие, тщеславие
phantastisch	фантастический, невероятный; причудливый
dreizehn	тринадцать
blamieren	(о)позорить, (о)срамить, (с)компрометировать
Arbeitgeber	работодатель
schonen	беречь, щадить; обходиться бережно (с чем-л., с кем-л.); сохранять, оберегать
Strahlung	излучение, радиация
Begleiter	спутник, аккомпаниатор, артикль
lesbisch	лесбиянский
Bluse	блузка
abfeuern	выстрелить, произвести выстрел (из какого-л. оружия)
wohlhabend	состоятельный, зажиточный
Tabak	табак
durchstehen	вы́де́рживать, вы́держать
Papagei	попугай
aufdecken	накрывать стол (чем-л.); стелить на стол (скатерть)
Biest	скот, скотина (б. ч. о крупном рогатом скоте)
Laken	простыня
versteckt	спрятанный, скрытый
Dachboden	чердак
verschlafen	проспать (какое-либо время)
Hausmeister	управдом
Pfanne	сковорода, сковородка
Schwangerschaft	беременность
seither	с тех пор
anordnen	расставлять, расстанавливать, упорядочивать, приказывать
Sackgasse	тупик
vormachen	приладить (что-л. перед чем-л.)
Anstand	приличие; умение себя вести, манеры
vernachlässigen	пренебрегать
mangeln	недоставать, не хватать (чего-л.)
beruhigend	успокаивающий, успокоительный, седативный
Komplize	сообщник
inwiefern	насколько, в какой мере
schwächen	ослаблять; обессиливать
unglücklicherweise	к несчастью, на беду
ausgraben	выкапывать, вырывать, раскапывать
erreichbar	достижимый, доступный
Häuptling	вождь, бонза, шеф
Hauch	дыхание
praktizieren	практиковать
Hinrichtung	смертная казнь, казнь, экзеку́ция
Geldbeutel	кошелёк, портмоне
Kampagne	кампания
Lebenslauf	жизнеописание, резюме
Freundlichkeit	приветливость, любезность
angewiesen	зависимый, вынужденный
Kiefer	сосна, челюсть
Schlussfolgerung	вывод, заключение
zerschlagen	бить, разбить / разбивать, ломать, разломать / разламывать
zärtlich	ласковый
durchschnittlich	средний
formulieren	формулировать
Fernbedienung	телевизионный пульт, пульт, тыкалка, тапок
Vorliebe	предпочтение
Erleichterung	облегчение
Hörer	слушатель (слушающий)
Erpressung	шанта́ж, вымога́тельство
Straßenseite	сторона улицы
Umzug	переезд, шествие, процессия
Ausschuss	комитет, комиссия, брак
anbauen	возделывать (поле)
lebenslänglich	пожизненный; бессрочный
Strafzettel	штрафная квитанция
zusagen	обещать, соглашаться, понравиться
verheiratet	женатый, замужний
bestehlen	обворовать
Knoblauch	чеснок
bewältigen	преодолевать (что-л.), справляться (с чем-л.), осиливать (что-л.)
ausgesprochen	выраженный
Rückseite	оборот, обратная сторона, тыл
bedauerlich	досадно
anhängen	вешать, привешивать, подвешивать, навешивать; нацеплять, прицеплять; брать на буксир
überweisen	передавать, направлять (кого-л., что-л. куда-л.)
Rande	свёкла
Wachmann	часовой
Ausmaß	размер, сила, размах
Stückchen	кусочек
Bedienung	прислуживание, обслуживание, прислуга
vorhersagen	предсказывать
verlockend	заманчивый, соблазнительный
Parfüm	духи
Zins	процент
beschimpfen	ругать
Berührung	прикосновение
Gelächter	смех, хохот
Todesursache	причина смерти
Rotwein	красное вино
Zugriff	хватка, приём
Treibstoff	топливо
hinüber	на ту сторону, туда
begrenzen	ограничивать (что-л.); проводить границы (чего-л.)
Erdnuss	арахис, земляной орех, китайский орех
widersetzen	sich ~ воспротивиться, сопротивляться, не соблюдать, не подчиняться
Kennzeichen	помета, признак, номерной знак, автомобильный номер
außerirdisch	внеземной, инопланетный
Notruf	экстренный вызов, служба спасения
gutgehen	пройти хорошо, наладиться
Strahl	луч
Pub	паб
mehrfach	неоднократно
rechtlich	правовой, юридический, честный
dreifach	троекратный, тройной
Schimmer	сверкание, блеск; игра (напр., драгоценных камней); мерцание; поблёскивание; слабый свет
solide	солидный
Vizepräsident	вице-президент
rauskriegen	выведать; разгадать
Schlaganfall	мед. инсульт, апоплексия, апоплексический удар
Einkauf	покупка
Dienstmädchen	служанка
Bund	союз, федерация, пучок
unterstellen	подчинять, приписывать, допускать
Feuerzeug	зажигалка
Abreise	отъезд
Heimweh	тоска по родине
teilweise	частично; отчасти, частью
teuflisch	чертовский, дьявольский; сатанинский; адский; ужасный
Wade	икра
Helfer	помощник
wirtschaftlich	экономический, хозяйственный
daraufhin	затем
nahezu	почти, практически
Eisenbahn	железная дорога
Schraube	шуруп
Agentur	агентство
Gegenzug	встречное движение; встречная колонна; противоход (движение колонны в обратном направлении; гимнастика)
Zeugin	свидетельница
erwägen	взвешивать, принимать во внимание (в расчёт); обдумывать, соображать
Begeisterung	воодушевление
Eintritt	вход
Psychologe	психолог
Erwägung	соображение
Anwesen	владение, недвижимость
Schweiß	пот, кровь
Heft	тетрадь, номер
Bub	мальчик, пацан
anstecken	прикалывать, накалывать (цветок, значок и т. п.)
miserabel	жалкий, несчастный
bombardieren	бомбардировать
übergehen	переходить
Abendbrot	ужин
Grube	яма, выработка, могила, выгребная яма
Bauernhof	хозяйство, усадьба
grundlegend	основной, основополагающий, коренным образом, коренной
Siegel	печать
Branche	отрасль
erniedrigen	унижать
unterbringen	помещать, подводить, подвешивать (что-л. подо что-л.)
ehrgeizig	честолюбивый
Schaufel	Лопата
Exmann	бывший муж
Bestrafung	наказание
Zwang	принуждение
aufzeichnen	(на)рисовать, (на)чертить
schimpfen	ругать
verwirklichen	реализовывать, самореализовываться, реализовываться
Buchhalter	бухгалтер
verkehrt	неверный, превратный, неправильный
Ruine	руина
zaubern	колдовать
Begräbnis	похороны, погребение, могила, склеп
andeuten	намекать, намечаться, вырисовываться
verringern	уменьшать, сокращать, снижать
Behauptung	утверждение
ausrasten	техн. освобождаться (от фиксатора)
einschüchtern	запугивать
Vorwand	предлог
bedecken	покрывать, накрывать
Herzschlag	сердцебиение, биение сердца
Waise	сирота /
Eigentümer	владелец
schwindelig	испытывающий головокружение
Zwischenfall	инцидент, происшествие, случай
eintragen	вносить, заносить, приносить
Streik	забастовка, стачка
spalten	разделять, раскалывать, колоть
künftig	будущий
Eintrittskarte	входной билет
verzehren	съедать, проедать; потреблять
zugehen	направляться, идти по направлению (к кому/чему-л.)
zerlegen	расчленять; разлагать; разбирать
Pulver	порошок, порох, деньги
stiften	прикреплять (штифтами)
Windel	пелёнка
Sattel	седло
Ablenkung	отклонение
Gastgeber	хозяин
Schlitten	санки, сани, тачка
verschlagen	заколачивать
aufladen	загружать, заряжать
gelaunt	настроенный; расположенный
Bäcker	пекарь, булочник
Haftbefehl	ордер на арест
Mumm	отвага, сила
buchstabieren	произносить по буквам
Kakerlake	прусак, чёрный таракан
führend	руководящий, ведущий; главный
Enkelkind	внук; внучка
Täuschung	обман; введение в заблуждение
erheblich	значительный
unauffällig	неприметный
verflixt	чёрт возьми, проклятье
vorig	прошлый, прошедший
Verfolgung	преследование, гонение
Zauberei	волшебство, колдовство
Gehör	внимание, слух
Heizung	отопление
Berechnung	вычисление
unbewaffnet	невооружённый, безоружный
einfrieren	замёрзнуть, заморозить
Auszeit	тайм-аут
Grundsatz	принцип, основное положение
Eindringling	незваный (непрошенный) гость
verüben	совершить, содеять, учинить
Zwecke	назначение
Schwung	мах
Atemzug	вдох
Muschel	раковина, ракушка, телефонная трубка
vorlegen	презентовать, пред(о)ставить, выложить
Lob	похвала, хвала, восхваление
Klempner	жестянщик, слесарь-сантехник
Obdachlose	бездомный, бездомные
hierfür	для этого, за это
hartnäckig	настойчивый, упорный
verhelfen	содействовать, способствовать (кому-л. в достижении чего-л.)
ehrenwert	почтенный, достойный уважения
rauslassen	выпустить, отпустить
zumute	на душе
Standort	место расположения (воинской части); гарнизон
Behälter	контейнер
Glied	член
Bäckerei	пекарня
Videospiel	видеоигра
anheuern	нанимать, принимать на службу (моряков торгового флота)
Weihnachtsgeschenk	рождественский подарок
fegen	подметать
erfrieren	замёрзнуть (умереть)
abkaufen	перех. покупать
Schlagzeile	заголовок
Festplatte	жёсткий диск
verschenken	дарить
Zahlung	уплата, платёж
fortfahren	уезжать, увозить, продолжать
keinesfalls	ни под каким видом, ни в коем случае; никоим образом; ничуть, нимало; отнюдь не
Packung	упаковка
Plage	кара, напасть, наказание, бремя
Vegetarier	вегетарианец
Verlegenheit	замешательство, неудобное положение
lutschen	сосать
Impuls	импульс
Senf	горчица
viermal	четыре раза, в четыре раза, четырежды, четырёхкратно
übermitteln	передавать, пересылать
hinfallen	падать, валиться, падать на колени
freigeben	открывать
bügeln	гладить ( погладить ), утюжить ( отутюжить )
Fassung	редакция
realisieren	реализовать
Neigung	наклон, наклонение, отклонение (движение)
Notwendigkeit	необходимость
heuen	косить сено
Vögelchen	пташка, птичка
lila	лиловый
Pulli	разг. пуловер, лёгкий джемпер (чаще всего с короткими рукавами)
Andenken	память, воспоминание (an о ком-л., о чём-л.)
grauenhaft	отвратительный
sündigen	грешить, согрешить
liebenswürdig	любезный, обходительный
Winde	лебёдка, ворот, домкрат, вьюнок
beträchtlich	значительный
bluffen	блефовать
Pest	чума
Turner	гимнаст
Höschen	штаны, штанишки
Antrieb	двигатель
qualifizieren	квалифицировать, аттестовать
Knall	треск
vage	неопределённый, неясный, смутный, нечёткий
Kinn	подбородок
verdrängen	вытеснять; оттеснять
unterziehen	подтягивать, подтаскивать; подводить (напр., балку подо что-л.)
buchstäblich	буквальный; дословный
dergleichen	тому подобное
Bewunderung	восхище́ние
Sünder	грешник
weitaus	намного, гораздо
Tritt	шаг
Schreck	страх, испуг, от страха, с испугу
schwindlig	голова кружится
durchschneiden	прорезать
Schwerkraft	сила тяжести
kitzeln	щекотать
Hingabe	преданность, самоотверженность
runterfallen	упасть вниз, свалиться
zurückverfolgen	проследить
geboren	урождённый, прирождённый
Zeugnis	свидетельство, показание, удостоверение
Vormittag	до обеда
Händchen	ручонка
entsorgen	удалять, ликвидировать, утилизировать (отходы)
Ostern	Пасха
genannt	названный, упомянутый
vierzig	сорок
Exfrau	бывшая жена
unbedeutend	незначительный, несущественный
Abschaum	отброс
ausnehmen	вынимать, извлекать; опорожнять; потрошить (птицу, рыбу)
Baustelle	стройплощадка
Wechsel	перемена, изменение, вексель
Feuerwehrmann	пожарник
kränken	обижать, оскорблять, задевать
wackeln	шататься, качаться; свободно сидеть, неплотно примыкать (напр., об инструменте в рукоятке)
Entlassung	смещение
beunruhigend	тревожный
Serviette	салфетка
Stromausfall	прекращение подачи электроэнергии
vermischen	смешивать, перемешивать
Bankkonto	банковский счёт
auskennen	разбираться в чём-либо
beschlagnahmen	конфисковать
Treffpunkt	место встречи
allererste	самый первый
Silvester	новогодний вечер, канун Нового года, Сильвестр
Säule	столб, колонна, столп, опора
umfassen	охватывать, перехватывать
Kerker	тюрьма, темница
Befragung	опрос; допрос
vorbeifahren	проезжать мимо (кого-л., чего-л.)
Geschrei	крик
Mais	кукуруза, маис
Rückweg	обратный путь
Schauspiel	пьеса
hineingehen	входить
meinerseits	с моей стороны, от меня
befestigen	прикрепить
Ferse	пятка
kaltblütig	зоол. холоднокровный
Verteidiger	защитник
Bekanntschaft	знакомство
Gewissheit	уверенность
tüchtig	умелый
melken	доить
lausig	вшивый
innerlich	внутренний
Lachs	лосось, сёмга
Frechheit	наглость
Mitteilung	сообщение
anprobieren	примерять
vertuschen	замять, скрыть ( дело)
pennen	дрыхнуть
Auseinandersetzung	критический разбор темы, анализ
Laus	вошь
abbrennen	сгореть дотла
Predigt	проповедь
Melone	дыня, котелок
Schnur	шнур, верёвка
Häuschen	домик
Wiederholung	повторение, повтор
durchqueren	пересекать
liebenswert	достойный любви
Lebewohl	прощание
Pfirsich	персик
entschärfen	обезвредить, смягчить, разрешить
wahrhaftig	истинный
erleuchten	освещать, озарять
Tapferkeit	храбрость, смелость
lebhaft	оживлённый, живой
stumpf	тупой
Besserung	выздоровление, поправка, улучшение
wegziehen	оттаскивать; оттягивать в сторону; уволакивать
Unheil	беда, несчастье
Aufführung	представление
ungezogen	невоспитанный, грубый; непослушный
Pfadfinder	бойскаут
Anschein	(внешний) вид, видимость
Weide	ива, верба, пастбище
Dorfbewohner	селянин, сельский житель
Schwan	лебедь
Staffel	сезон
durchgeknallt	чокнутый
Kürbis	тыква
nachschauen	смотреть, глядеть (вслед кому-л., чему-л.)
Reservierung	бронирование, резервирование
Kanzler	канцлер
Abdruck	отпечаток
Verehrer	почитатель, поклонник, обожатель
annähernd	приблизительный, примерный
abfinden	возмещать, компенсировать
glotzen	глазеть, уставиться (на кого-л., на что-л.)
einreden	внушать; убеждать
zerquetschen	раздавить
Gattin	жена, супруга
schwellen	пухнуть, опухать
künstlerisch	художественный; артистический
Kuppel	купол
überfordern	превосходить, много требовать
bescheren	сделать кому-либо рождественский подарок, подарить кому-либо что-либо на Рождество, давать, раздавать рождественские подарки
gewachsen	выросший, справляющийся
launisch	капризный, своенравный; прихотливый
Produzent	производитель
Ohrfeige	пощёчина, оплеуха
vertrauenswürdig	достойный (всякого) доверия
Möwe	чайка
gescheit	умный, толковый
bewerten	оценивать
proben	репетировать
orten	определять (устанавливать) местонахождение (координаты) (самолёта, судна)
entnehmen	вынимать, брать, понимать
Pfennig	(сокр. Pf) пфенниг (германская монета)
Wohnwagen	автодом, дача-прицеп, прицеп-дача
Gewahrsam	арест, заключение (в тюрьму), заточение
unversehrt	невредимый
Meisterschaft	чемпионат
anspruchsvoll	требовательный, взыскательный; претенциозный
Blei	свинец
Schwägerin	золовка, свояченница, невестка
rudern	грести
Dreieck	треугольник
Prügel	побои, палка, дубинка
Wachstum	рост
Küsschen	поцелуйчик
wegschicken	отсылать, посылать, отправлять
Belastung	нагрузка (действие); навьючивание, отягощение
grässlich	отвратительный, омерзительный
Fessel	кандалы
Verbrennung	ожог
erhaben	благородный
ausgleichen	возмещать, компенсировать
Examen	экзамен
hinreißend	увлекательный, пленительный, чарующий, восхитительный
Ex-Frau	бывшая жена
befallen	нападать (на кого-л., на что-л.), охватывать (кого-л.); постигать (кого-л., что-л.); поражать (кого-л., что-л., напр., о болезни)
reinziehen	втянуть, затащить
Polizistin	полицейский, женщина-полицейский
Ehering	обручальное кольцо
übersteigen	перелезать (через что-л.)
Darstellung	изображение; изложение
Flöte	флейта
schminken	красить, краситься
Hummer	омар, лобстер
Fortsetzung	продолжение
vorder	передний; находящийся впереди; передовой (напр., об окопе)
abschaffen	упразднять
Morgengrauen	рассвет
abbringen	отговаривать, переубеждать
anklopfen	постучаться, спросить
durchbrennen	перех. прожигать, пережигать
dalassen	оставлять, оставить
Bestandteil	составная часть
Fitnessstudio	тренажёрный зал, фитнес-клуб
sonnig	солнечный
Horrorfilm	Фильм ужасов
Schöpfung	сотворение
verkraften	использовать электрическую энергию (для чего-л.)
Weizen	пшеница
Traurigkeit	печаль, грусть
feierlich	праздничный, торжественный
versperren	загораживать; преграждать
einatmen	делать вдох, вдыхать
hinbekommen	привести (что-л.) в порядок [в нормальный вид], справиться (с чем-л.)
Kessel	котёл, котловина, окружение
prahlen	хвастаться
Wähler	избиратель
altern	стареть, стариться
anfreunden	sich ~ подружиться, сдружиться (с кем-л.)
Heu	сено
verstreuen	рассыпать; разбрасывать, рассеивать
erkunden	исследовать
Aufstieg	подъём, продвижение, восход, восхождение
verwüsten	опустошать, разорять
Geschwätz	болтовня
hervorrufen	вызывать
Lesbe	лесбиянка
gestrig	вчерашний
fromm	благочестивый
Kamm	расчёска, гребёнка
impfen	прививать, вакцинировать
Postbote	почтальон
Raubüberfall	разбойничий налёт, нападение с целью грабежа
lieblich	милый, миловидный, хорошенький, прелестный
durchdringen	проникать, пронизывать
Augenbraue	бровь
Weichei	размазня, слабак
oberflächlich	поверхностный, несерьёзный
Gastfreundschaft	гостеприимство
Wärter	сторож
Auster	устрица
beleidigt	обиженный, оскорблённый
Begabung	одарённость, дарование
Klarheit	ясность, прозрачность
vierzehn	четырнадцать
hinausgehen	выходить
Anordnung	расположение, расстановка, размещение; устройство
Gläubiger	кредитор, верующий
Aufruhr	восстание, мятеж, волнение, беспокойство
voreilig	опрометчивый, поспешный
fällig	подлежащий уплате, срочный
Prediger	проповедник
beständig	постоянный, неизменный
Wanne	ванна (ёмкость для купания)
Eingriff	вмешательство; принятие (решительных) мер
Sicherung	обеспечение, гарантия; сохранение, сохранность
abstreiten	оспаривать
Justiz	правосу́дие, юсти́ция
Unannehmlichkeit	неприятность
respektvoll	почтительный, уважительный
Vorstellungsgespräch	собеседование
nachweisen	доказать, подтвердить (документально, экспериментально); показать, обнаружить
preisgeben	разгласить
überstürzen	торопить
Mitbewohnerin	соседка по квартире
Scheinwerfer	прожектор, фара
beeinträchtigen	причинить вред (ущерб), (по)вредить (кому-л., чему-л.); нарушать (чьи-л.) интересы
Bordell	бордель
verlogen	лживый
nachlassen	ослабевать, спадать
Strumpf	чулок
Stiefvater	отчим
Bucht	залив
obdachlos	бездомный
rechtmäßig	законный
Drang	натиск, напор
weiterhelfen	помочь идти (двигаться) вперёд (кому-л.)
Gehaltserhöhung	повышение оклада
Übertragung	перенесение, перенос, перевод, передача
Ernährung	питание
Wurf	бросок
Heldin	героиня, герой (о женщине)
Verwaltung	администрация, управление
Kündigung	расторжение, увольнение
zusammensetzen	собирать, собираться, состоять из чего-либо
erschreckend	ужасающий, страшный
Pfeffer	перец
schnitzen	резать, вырезать
vollziehen	совершать, осуществлять; приводить в исполнение (напр., приговор)
Einheimische	местный, местные жители
Polizeibeamter	полицейский
Fahrgast	пассажир
bisherig	прежний
Reiz	раздражение, возбуждение
zugrunde	погибнуть, разрушить
einstecken	вкладывать (шпагу в ножны); засовывать, всовывать, сунуть
Stiftung	фонд (пожертвований, добровольных взносов) на благотворительные, культурные и т. п. цели
versiegeln	запечатывать; опечатывать
entzücken	восхищать
Gegenleistung	встречное исполнение
Präsentation	представление, презентация
Erdboden	земля; почва, грунт
rätselhaft	загадочный
Geburtstagsgeschenk	подарок ко дню рождения
vorenthalten	задерживать, не давать (что-л. кому-л.); незаконно лишать (чего-л.)
verrichten	исполнять
überspringen	перепрыгивать, перепрыгнуть, перескакивать, перескочить
glühend	раскалённый, горячий
verzaubern	заколдовать, околдовать; зачаровать, очаровать
Voraussetzung	условие, предпосылка
Quartier	квартира; жильё
Schmerzmittel	болеутоляющее
Schwindel	головокружение
öde	пустой, пустынный, бесплодный, скучный
ledig	холостой
Hebel	рычаг; рукоятка; коромысло; консоль, вага; домкрат
stürmisch	бурный (тж. перен.)
verabreichen	давать
Vorgehensweise	способ действия; метод; принцип
freudig	радостный, весёлый
zuziehen	тащить, тянуть (по направлению к чему-л.), подтаскивать, подтягивать (к чему-л.)
Ablauf	ед. ч. спуск, сток (воды, пруда)
Anker	якорь, анкер
besessen	одержимый (чем-л.), помешанный (на чём-л.); бешеный, неистовый
Trümmer	обломки, руины
Verwirrung	путаница, беспорядок
Gewand	одеяние, одежда, платье
Schwiegersohn	зять
Dynamit	динамит
Unordnung	беспорядок, непорядок, ералаш, неразбериха
antreiben	побуждать, мотивировать
Quark	творог, кварк
vorzüglich	превосходный
Auskunft	справка, справочная, совет
zurückfahren	ехать обратно, возвращаться назад
Pflaster	пластырь
surfen	сёрфинг
vereint	объединённый, вместе
ausführlich	подробный, детальный
Insasse	пассажир, седок, обитатель, жильцы
Impfstoff	вакцина
Kindermädchen	нянька, няня
Panne	авария
gefälscht	поддельный, подложный, фальшивый
Erbse	горох, горошина
kürzen	укорачивать
überwältigend	подавляющий (о большинстве, превосходстве)
Latte	брус, брусок, перекладина, стояк
Eiche	дуб
Traube	виноград
Henne	курица
Mülleimer	мусорное ведро
Ehepaar	супружеская чета, супруги
verpacken	упаковывать
vorliegen	существовать
hocken	сидеть на корточках
verschlechtern	ухудшать
Galgen	виселица
Schwimmbad	бассейн
austricksen	разг. обойти, обвести (противника)
Frequenz	частота
Straftat	преступление
Heiratsantrag	предложение о браке, брачное предложение, предложение руки и сердца
barfuß	босой, босоногий, босиком
Waisenhaus	дом (интернат) для сирот; детский дом
verleugnen	отрицать
herbei	при этом
bereithalten	держать наготове, приготовлять
rüberkommen	заходитьнсв, переходитьнсв, восприниматьсянсв, бытьнсв понятным
Bissen	кусок
besichtigen	посещать
Vereinigung	объединение
Wahrnehmung	восприятие
Wichtigkeit	важность
Anliegen	желание, стремление; просьба; требование; задача, дело
ertappen	поймать, застигнуть, заставать (кого-л. за каким-л. занятием)
monatlich	месячно
Bereitschaft	готовность
spendieren	угощать (чем-л.); раздавать; платить (за что-л.)
eingestehen	признавать
begründen	обосновать
weiterfahren	продолжать ехать (идти), ехать (идти) дальше
Bösewicht	злодей
Hengst	жеребец
grinsen	скалиться, скалить зубы, усмехаться, ухмыляться; осклабиться
Kappe	шапка
Festland	материк
verspotten	насмехаться, высмеивать, глумиться
gelähmt	парализованный
Vermieter	наймодатель, арендодатель, хозяин
Verzögerung	задержка, промедление
auszahlen	выплачивать; выдавать (деньги и т. п.)
abliefern	доставлять, показывать, демонстрировать
spaßig	шутливый
Nachkomme	потомок
einweihen	посвящать, делиться, открывать
Letzter	последний
auffressen	пожирать, сжирать
Rabatt	скидка
Überlegung	размышление
leuchtend	яркий; блестящий
Speisekarte	меню
gültig	действительно
Peitsche	кнут
aufrufen	вызывать, призывать
Strömung	течение; поток; обтекание
Köter	презр. о любой собаке: собачонка, дворняжка, шавка
zurückschicken	посылать
Magier	маг, волшебник, колдун
Pelz	мех
Todesfall	случай смерти, (зафиксированная) смерть кого-либо
verrecken	сдохнуть, дохнуть, околеть, околевать
Schlamassel	разг. неприятность; неловкое положение; невезуха, невезение, несчастье
atemberaubend	захватывающий дух, умопомрачительный
unfreundlich	недружелюбный, неприветливый
abwerfen	сбрасывать
Einhorn	единорог
aufkommen	появляться, платить, приземляться
glaubwürdig	достоверный
Geschäftspartner	деловой партнер
Stiefmutter	мачеха
Aufenthaltsort	местонахождение, местопребывание
wählerisch	разборчивый; прихотливый
werben	вербовать; набирать; привлекать к какому-либо делу
Weihnachtsbaum	рождественская ёлка, ёлка
ausrutschen	поскользнуться
neunte	девятый
Schlägerei	драка
beschwören	присягать, клясться, умолять, наколдовать
rücksichtslos	бестактный, бесцеремонный
nachholen	навёрстывать, нагонять, догонять; успеть сделать (упущенное ранее)
Schwuler	гей, гомосексуал, педик, гомик
Vorzug	предпочтение
ausschlafen	высыпаться
Demut	смирение
Orchester	оркестр
anderswo	в другом месте
herb	терпкий, резкий
niederbrennen	сжигать (дотла), испепелять
Verleger	издатель
gewillt	готовый, склонный
Rechenschaft	отчёт; подотчётность
Metzger	мясник
Abwasch	грязная посуда
einwandfrei	безукоризненный, безупречный
verweisen	делать выговор (замечание, внушение) (за что-л. кому-л.)
betätigen	приводи́ть в де́йствие, занима́ться
fallenlassen	отказаться (от чего-л., от кого-л.); отказать в поддержке (кому-л.)
Haltestelle	остановка
drangehen	подойти (к телефону)
zerren	тянуть, тащить
unwiderstehlich	неотразимый (об атаке, о доводах)
quietschen	скрипеть
Arbeitszeit	рабочее время
Siedlung	поселение
Quere	поперечное направление
vertiefen	углублять (тж. перен.)
Wirbel	вихрь, вихор, позвонок, лад
niederlassen	спускать, опускать
saubermachen	чистить, убирать
kaputtgehen	портиться; ломаться; биться, разбиваться
Niete	пустой (безвыигрышный) лотерейный билет
Reh	козуля
Darlehen	ссуда
ausgestorben	вымер
kichern	хихикать
abknallen	застрелить, пристрелить, подстрелить; прикончить (выстрелом)
nächtlich	ночной
überarbeiten	перерабатывать
höchstwahrscheinlich	вероятнее всего
Einnahme	доход
beliebig	произвольный
verstummen	неметь, замолкать, смолкать, умолкать
missfallen	не нравиться
Erzählung	рассказ
erläutern	пояснять, разъяснять, толковать
wahrhaft	настоящий, истинный
erhören	услышать; выслушать; внять (чьей-л.) просьбе (мольбе)
Schleier	покрывало; вуаль; фата; чадра
Säufer	груб. пьяница
herausholen	вытаскивать; выводить (напр., самолёт из виража)
allmächtig	всемогущий
gleichmäßig	соразмерный, симметричный; равномерный
herrje	господи, ой-ой
Zufriedenheit	удовлетворение
ununterbrochen	непрерывный
verdeckt	скрытый, тайный
Stapel	стопка, стопа, кипа, штабель
recherchieren	исследовать, разыскивать
unvermeidlich	неизбежный
schäbig	потёртый, изношенный
anstoßen	подталкивать, чокаться
verpfeifen	жарг. доносить (на кого-л.), выдавать (кого-л.)
Sportler	спортсмен
Pärchen	парочка
Fels	скала, утёс, Фельс
Eröffnung	открытие, дебют
Durchsuchungsbefehl	ордер на обыск
aufschlitzen	взрезать, разрезать; распарывать, вспарывать
geplant	запланированный
ungesund	нездоровый
Fachmann	специалист
Mieter	съёмщик, арендатор
Wahlkampf	предвыборная кампания, избирательная кампания
Untertan	подчинённый
eingeben	давать, внушать, вводить
woraus	из чего, откуда
huch	ой, ух ты
stellvertretend	заместитель, исполняющий обязанности
Bindung	привязанность
gewissermaßen	до некоторой степени, в известной степени
Mylord	милорд
Kopfhörer	наушник
Erfinder	изобретатель
Anhörung	слушание
Schlucht	каньон
ungeheuer	монстр
gekonnt	умелый, мастерский
Genuss	наслаждение
Ermittler	сыщик
wiederherstellen	восстанавливать, вылечить
schleudern	катапультировать, центрифугировать, швырять
eintauschen	обменивать, менять, выменять (на что-л.)
auserwählen	избирать, выбирать; облюбовать
Vergeltung	возмездие
Weilchen	некоторое время
beachtlich	значительный
unterhaltsam	развлекательный
abbekommen	получать
ängstigen	пугать, страшить, бояться, пугаться
Unkraut	сорняк
zerbrechlich	ломкий, хрупкий; бьющийся
schieflaufen	не удаваться, разладиться
runtergehen	спуститься вниз
anflehen	умолять (кого-л. о чём-л.), взывать (к кому-л. о чём-л.)
Lagerhaus	склад, амбар
homosexuell	гомосексуальный
ungeschickt	неловкий, неумелый, нерасторопный
Tätowierung	татуировка
herholen	принести, доставить (что-л.); привести (кого-л.)
unvernünftig	неразумный
zauberhaft	волшебный, магический
Esszimmer	столовая
Streitkraft	вооружённые силы
Leinwand	полотно, холст, холстина, экран
Verwundete	раненый, раненые
Nervensäge	тот, кто нервирует других, тот, кто действует другим на нервы
gerissen	майка, футболка (спортивная)
adieu	прощание, прощальное слово
Beifall	овация
ineinander	друг в друга, вместе
Urgroßvater	прадед, прадедушка
Schnürsenkel	шнурок (для обуви)
Gebühr	плата, пошлина , сбор
Bürgersteig	тротуар
List	уловка, хитрость
fruchtbar	плодовитый
Fax	факс
Ersparnis	экономия (an D в чём-л.)
Gleichung	уравнение
artig	послушный, воспитанный (б. ч. о детях); учтивый, вежливый
telefonisch	телефонный, по телефону
Verschwendung	расточительство
Anstalt	учреждение, заведение; институт
Grausamkeit	жестокость, зверство
ertönen	(за)звучать, прозвучать; раздаваться; (за)звенеть
Waggon	вагон
einschenken	разливать (напитки); наливать (кому-л. кофе, вино и т.п.)
Zauberspruch	заклинание, заговор
gleichfalls	также
Bushaltestelle	автобусная остановка
Mitmensch	ближний
wohlfühlen	чувствовать себя хорошо
einstürzen	неперех. обрушиваться, обваливаться
weglassen	отпускать (кого-л.)
Jahrtausend	тысячелетие
ausverkaufen	распродавать
Eintopf	густой суп, заменяющий первое и второе блюдо
schädlich	вредный
aufmuntern	ободрять, подбадривать
Übersetzer	переводчик
gewaltsam	насильственный
Trophäe	трофей
sichten	сортировать, просеивать, грохотить
Kanzlei	канцелярия
erlassen	издавать, обнародовать, освободить, избавить
Gefangenschaft	плен, неволя
abschleppen	оттаскивать; отбуксировать
Schwiegervater	тесть, свёкор
Reißverschluss	молния
Grinsen	ухмылка
Attentäter	убийца
Schließfach	ячейка, камера хранения
streiken	бастовать, забастовать
Beere	ягода
Ausschlag	сыпь
Festnahme	задержание, арест
Beschäftigung	занятость, трудоустройство, занятие
grenzen	граничить
Ausführung	выполнение, реализация, исполнение, версия
Sprengstoff	взрывчатое вещество, взрывчатка
ehrenhaft	честный, порядочный
beanspruchen	требовать, эксплуатировать, использовать
Desaster	катастрофа
Abgeordneter	депутат, делегат
schnüffeln	нюхать, обнюхивать
Komponist	композитор
Liebesbrief	любовное письмо
auffliegen	взлетать, распахиваться
Merkmal	признак, примета
hingeben	отдавать, предоставлять; передавать во владение
Gefäß	сосуд, эфес
gefällig	услужливый, любезный
Spind	узкий одностворчатый шкаф
untreu	неверный
Zar	царь
gesetzlich	законный
Vermittlung	посредничество, содействие, передача
Plätzchen	местечко
reinfallen	попасться, влипнуть
städtisch	городско́й
boxen	боксировать
streuen	сыпать, рассыпать; разбрасывать; рассеивать; посыпать
Webseite	веб-страница
Irrenhaus	разг. дом для умалишённых, психиатрическая больница; сумасшедший дом
Abflug	вылет, взлёт
organisiert	организованный
Handvoll	горстка
Umkreis	окрестность, описанная окружность
Nachforschung	расследование
Wanze	клоп
verbluten	умерать от потери крови
dermaßen	так, таким образом; настолько, до такой степени
Heiligkeit	святость
geizig	скупой, жадный
Lupe	лупа
zertrümmern	разбивать
Unverschämtheit	наглость, бессовестность
Schneesturm	метель, пурга
wöchentlich	еженедельный
runterkommen	спуститься вниз
zuteilen	раздавать, выделять (кому-л.); оделять, наделять (чем-л. кого-л.)
Abfahrt	отход, отправление
Geschick	мастерство, судьба, участь
Ermordung	убийство
Flittchen	пренебр. девушка лёгкого поведения
Trank	напиток
Gründer	основатель
grotesk	гротескный, нелепый
Unfug	глупость, хулиганство
Lebensstil	стиль жизни
ungünstig	неблагоприятный
zusammenschlagen	ударять друг о друга
heimgehen	возвращаться домой, разойтись по домам, идти домой
Brei	каша
zweieinhalb	два с половиной
Fallschirm	парашют
machtlos	бессильный
entspringen	убегать, ускользать, бежать (от кого-л., откуда-л.)
Angeber	хвасту́н, бахвал
Telefonat	телефонный разговор, телефонограмма
hinterhältig	вероломный, коварный
beschämt	пристыженный
Waisenkind	сирота
vorführen	выставлять на показ, демонстрировать, показывать (что-л. кому-л.)
Periode	период
Kralle	коготь
bewundernswert	удивительный, достойный восхищения
Befugnis	полномочие
abdecken	открывать, раскрывать
Spielsache	игрушка
regelrecht	правильный
Auffassung	мнение, взгляд, представление, восприятие
Groll	злоба, злость, затаённый гнев
Exfreund	бывший друг, бывший парень
begrenzt	ограниченный
Gästezimmer	гостиная
Übergang	переход, переезд, переправа (действие и место)
vorzeitig	досрочный; заблаговременный, преждевременный
Rücksitz	заднее сидение
Kapsel	капсула
Bundesstaat	федерация
Vorstellungskraft	воображение
Komiker	комик
erstarren	застывать, коченеть, цепенеть
Ausdauer	выдержка, выносливость
einliefern	доставлять; поставлять; сдавать; вручать
verwalten	управлять, руководить
grundlos	бездонный
Edelstein	драгоценный камень
Kaufmann	торговец
umwandeln	преобразовать, превратить, трансформировать
erklingen	(за)звенеть; (за)звучать; раздаваться
zerbrochen	разбитый
forschen	исследовать, изучать, разыскивать
Biss	укус
Aufsicht	надзор, контроль, смотритель, контролёр
Rücktritt	отставка
Geschäftsreise	командировка
Denkmal	памятник
Treppenhaus	лестничная клетка
leichtsinnig	легкомысленный
Beichte	исповедь
Hinterkopf	затылок
unbezahlbar	бесценный, неоплатный (напр., об услуге)
weihen	церк. освящать, святить
Recherche	поиск, исследование
untertauchen	погружаться (напр., о подводной лодке)
Internat	интернат
Sorgerecht	юр. право родительской опеки; родительские права
gesprächig	разговорчивый, словоохотливый
überziehen	покрывать
verbeugen	кланяться, поклониться, склоняться, преклоняться
Titelseite	титульная страница
Lotto	лото
erkranken	заболеть (чем-л., от чего-л.); захворать, занемочь (разг.)
Äußeres	внешность, наружность
Genesung	выздоровление; излечение; поправка
Einwanderer	переселенец, поселенец
Mülltonne	бак для мусора, мусорный ящик, мусорка
Buchladen	книжный магазин
Beherrschung	контроль, самоконтроль, владение
Badeanzug	купальный костюм, купальник
Misserfolg	неуспех, неудача
Witzbold	шутник
enttäuschend	разочаровывающий
katastrophal	катастрофический, ужасный
Adel	дворянство, аристократия
überfüllt	переполненный
derzeitig	нынешний, теперешний, современный
Speise	блюдо, кушанье, пища, колокольная бронза
öfters	часто
ausrotten	уничтожать, истреблять
Spieß	копьё, пика, вертел
zugreifen	хватать, брать
Gerichtssaal	зал судебного заседания
Beule	шишка
würgen	душить
Waschbecken	умывальник; умывальная чаша, таз
Erbarmen	сострадание, жалость, милосердие
hastig	в спешке
nachvollziehen	повторять, воспроизводить
Absturz	падение
Bremse	тормоз, слепень
bewerfen	забрасывать, закидывать (кого-л., что-л. чем-л.)
Durchschnitt	среднее число, разрез
Zigeuner	цыган, цыганин
jubeln	ликовать, веселиться
Eintrag	запись
kennzeichnen	маркировать, помечать, характеризовать, отмечать
Maßstab	масштаб
Floh	блоха
verwehren	запрещать, препятствовать, отказывать
Landwirtschaft	сельское хозяйство
falten	складывать; сгибать
Scharfschütze	снайпер
Strick	верёвка
lose	несвязанный, свободный, подвижной; незакреплённый; слабый; расшатанный; шаткий; расхлябанный
Unterschlupf	укрытие
durchlesen	прочитать ( полностью , от корки до корки)
vortragen	декламировать, исполнять, спеть, изложить
misstrauen	не доверять, сомневаться, подозревать
hervorbringen	производить, порождать
Verachtung	презрение
verständnisvoll	понимающий
Spionin	женск. к Spion; шпионка
Asyl	убежище, политическое убежище
Wendung	поворот, разворот; вираж; оборот
Fanatiker	фанатик
Übereinstimmung	соответствие, согласие
Unterbewusstsein	подсознание
Lappen	тряпка
Kaviar	икра
Stadtrat	городской совет
erringen	добиваться, достигать (чего-либо в борьбе, труде), завоёвывать
bleich	бледный
Bescheidenheit	скромность
schlampig	неряшливый, небрежный
absuchen	обыскивать
austragen	разносить, разрешать, исчерпать, вы́носить
saftig	сочный
Schwindler	мошенник, аферист, обманщик; шарлатан
Schweinefleisch	свинина
Kelch	кубок, чаша
windig	ветреный
Archäologe	археолог
verzögern	замедлять (темп); задерживать, тормозить, затягивать (дело)
gefüllt	наполненный
überschätzen	переоценивать
unanständig	неприличный, непристойный
Vorführung	демонстрация, показ
Kreislauf	круговорот; круговой (непрерывный) процесс; цикл; циркуляция
vorsätzlich	преднамеренный, умышленный, нарочно, умышленно
anheben	(слегка) приподнимать
entfliehen	бежать, убегать, спасаться бегством, сбежать
versöhnen	примирять, помириться, смириться
ungefährlich	неопасный, безопасный
Elch	лось, рогоносец
aufbrauchen	израсходовать, использовать, издержать, употребить
Schnabel	клюв
Kanne	кувшин
Bademantel	купа́льный хала́т
unangebracht	неуместный
grauenvoll	ужасный, страшный
Wechselgeld	сдача
zutrauen	считать (кого-л.) способным (на что-л., к чему-л.)
Ami	амер, америкос, пиндос, янки
verblassen	выцветать, блёкнуть
nanu	(да) ну!, что ты [что вы]!; неужели!; вот ещё! (возглас удивления)
neuerdings	недавно, с недавних пор, вновь, опять
umkippen	опрокидывать
aufrechterhalten	поддерживать
Versprechung	обещание
schocken	шокировать
skrupellos	беззастенчивый
aufheitern	развеселить
vorschreiben	наставлять, предписывать
anschnallen	пристёгивать (пряжкой, ремнями); надевать (коньки, лыжи и т. п.)
Redner	докладчик, оратор
Tätigkeit	деятельность
Belästigung	домогательство
Horde	орда
diesbezüglich	относящийся к этому
unterlassen	не делать, не выполнять, не предпринимать (чего-л.), отказываться (от чего-л.); упускать (что-л.)
vergleichbar	сопоставимый, сравнимый, аналогичный, сходный
unbequem	неудобный
Galerie	галерея
Herzanfall	разг. сердечный приступ
leitend	ведущий, руководящий
labern	нести чушь, болтать чепуху
überrascht	удивлённый, поражённый, озадаченный
Ellbogen	локоть
Truhe	сундук
montags	по понедельникам
Hähnchen	курятина
Freitagabend	вечер пятницы
irgendwoher	откуда угодно
rothaarig	рыжеволосый, рыжий
schrubben	чистить, скоблить, тереть шваброй
Splitter	осколок
zugänglich	доступный
geisteskrank	душевнобольной
Großzügigkeit	великодушие
Beobachter	наблюдатель
Kontaktlinse	контактная линза
Physiker	физик
anmerken	отмечать; делать отметку (на чём-л.); записывать (на память)
Teddybär	медвежонок, плюшевый медведь, плюшевый мишка, мишка
verspeisen	съедать
Gymnasium	гимназия
Besorgnis	трево́га, опасе́ние
einbrocken	(на)крошить
schmoren	тушить (мясо), томить
bedrängen	притеснять, угнетать, преследовать; теснить; осаждать (просьбами и т. п.); наседать (на противника), теснить
Klingone	клингон
Exil	изгнание
allerletzte	самый последний
vorherig	канц. предыдущий, прежний
spuken	являться, бродить (о призраке)
Geldbörse	кошелёк, бумажник
eitel	тщеславный, самовлюблённый, напрасный, безнадеждный
Augenzeuge	очевидец
Notarzt	врач скорой помощи, врач неотложной помощи
schockierend	шокирующий
Inder	индиец
Tulpe	тюльпан
Dreh	съёмка
Zuhälter	сутенёр
anfordern	требовать
Bezeichnung	наименование
austrinken	выпить
Transporter	транспортное судно; транспортный самолёт; автомобиль-тяжеловоз; трейлер
Anleitung	инструкция
Bewerbung	просьба, заявка, заявление
Sommerferien	летние каникулы
einlösen	обналичивать
einflussreich	влиятельный
sechzehn	шестнадцать
erfreulich	отрадный, радостный, весёлый
rührend	волнующий
Lieferwagen	фургон
krepieren	сдохнуть, подохнуть, дохнуть, подыхать
pusten	дуть
Anrufbeantworter	автоответчик
Missbrauch	злоупотребление, изнасилование
nachfragen	(nach D, высок. тж. D) справляться, осведомляться, расспрашивать, (раз)узнавать (о ком-л., о чём-л.)
Viertelstunde	четверть часа
Entschlossenheit	решительность, решимость
kommunistisch	коммунистический
Fracht	фрахт
doll	разг., рег. (сев.-нем.) непривычный, невероятный, умопомрачительный, сногсшибательный, потрясающий
Ansatz	анзац
Ahne	предок
Schwelle	порог, на грани, шпала
überlisten	перехитрить, провести
anlassen	запускать, пускать, не выключать, не снимать
Kobold	кобольд
entbehren	нуждаться, обходиться (без чего-либо), лишённый (чего-либо)
Spinat	шпинат
durchsehen	просматривать, пересматривать, проверить
Bengel	сорванец, озорник
Lösegeld	выкуп
Verstoß	нарушение
verschleiern	закрывать вуалью, маскировать, вуалироваться
ausnahmsweise	в виде исключения
verbünden	заключать союз, объединяться (с кем-л., против кого-л.)
Almosen	милостыня, подачка, подаяние
Kraftwerk	электростанция
ausstrecken	растягивать; протягивать; распростирать; прокатывать; волочить (металл)
behutsam	осторожный
einigermaßen	до некоторой степени, мало-мальски, кое-как, более или менее; сносно
Kartenspiel	карточная игра
Pastete	паштет
ausreißen	вырывать
Pole	поляк, лях, пшек
Ananas	ананас
nachsichtig	снисходительный, терпимый (gegen A к чему-л.)
nimmer	никогда
Seuche	эпидемия
krümmen	искривлять, искривляться, корчиться, кривиться
achtzehn	восемнадцать
First	конёк
Viech	животное, зверь, зверюга
entlarven	разоблачать (кого-л.), срывать маску (с кого-л.); обличать (что-л.)
Kreide	мел
Unsicherheit	опасность
abbauen	горн. добывать; разрабатывать (мсторождение)
deprimierend	удручающий, угнетающий
Gräber	землекоп
spurlos	бесследно
Ruck	рывок, толчок
Verkehrsunfall	несчастный случай на транспорте, дорожное происшествие
Empfänger	получатель, приёмник
verspätet	опоздавший, с опозданием
selbstbewusst	уверенный в себе, самоуверенный
schluchzen	рыдать, всхлипывать
Gewürz	пряность, приправа, специи
berechtigen	давать право (кому-л. на что-л.); уполномочивать (кого-л. на что-л.); давать основание (кому-л. для чего-л.)
Luftwaffe	военная авиация
leidtun	жаль, сожалеть
Maschinengewehr	пулемёт, автома́т
hineinziehen	втягивать
Schuft	бран. подлец, негодяй, мерзавец; плут, мошенник
aussichtslos	безнадёжный
Stichwort	лозунг
Aschenbecher	пепельница
Gehorsam	послушный
verzeichnen	неправильно нарисовать (изобразить), исказить (тж. перен. в литературном произведении)
wachsend	растущий, возрастающий, увеличивающийся
ablassen	перестать, отстать, выпустить
Gehirnwäsche	промывание мозгов, промывка
Notwehr	самооборона
besiegeln	устар. прикладывать печать (к чему-л.), скреплять печатью (что-л.); запечатывать (что-л.)
Speicher	склад, хранилище, чердак, носитель информации
einberufen	созывать
spionieren	шпионить (за кем-л.), выведывать
beinah	почти
Reporterin	репортёр (женщина)
hinken	хромать
Pracht	великолепие
bestürzt	потрясённый, ошеломлённый
verschlimmern	ухудшать, усугублять
Einverständnis	согласие; соглашение
mühsam	трудный
Begierde	(страстное) желание (nach D чего-л.); стремление (к чему-л.); алчность, жадность (к чему-л.); чувственность, вожделение; страсти
Träumer	мечтатель
Däne	Датчанин
angesehen	уважаемый, респектабельный
Finanzierung	финансирование
Buße	покаяние
Abtreibung	выкидыш
Waffenstillstand	перемирие
Einsicht	просмотр (чего-л.), ознакомление (с чем-л.)
wegschmeißen	выбрасывать, отбрасывать, ржать
teilhaben	участвовать
wühlen	копать, копаться, рыться, подстрекать
einweisen	давать указания (кому-л.), инструктировать (кого-л.)
glühen	накалять, раскалять; калить, прокаливать; отжигать; обжигать
subtil	тонкий, деликатный, нежный; осторожный
abdrehen	отвёртывать, свёртывать
Gin	джин
Erdgeschoss	первый этаж
liegend	лежащий, лежачий; расположенный, находящийся; покоящийся
Stroh	солома
erhellen	освещать, озарять
heizen	отапливать, топить
Aktentasche	портфель
Kopfweh	головная боль
Menschenrecht	права человека
bevorstehen	предвидеться
Einfahrt	въезд, заезд, ворота, подъезд
Lanze	пика, копьё
währenddessen	тем временем
hereinlassen	впускать
Umlauf	хождение, обращение (денег, бумаг)
Eroberung	завоевание
knüpfen	завязывать (узел, тж. перен.)
Demonstrant	демонстрант, участник демонстрации
Bann	изгнание, ссылка; опала; отлучение от церкви; объявление вне закона
blendend	ослепительный, слепящий
überlaufen	переливаться (через край) (тж. перен.); бежать (о кипящей жидкости)
Krampf	физиол. судорога, конвульсия, спазм
verbiegen	изгибать, выгибать, искривлять
undicht	неплотный, редкий
totschlagen	забивать
umstimmen	настраивать на другой тон, переубеждать
ertränken	топить, утопить
beschatten	защищать от солнца, затенять (что-л.), бросать тень (на кого-л., на что-л.)
Diplom	диплом, свидетельство, аттестат; грамота
riesengroß	огромный, громадный
Denkweise	образ мышления
verstören	смутить, сбить с толку, напугать
ablösen	заменять, отделять, отделяться, отходить
Gänsehaut	гусиная кожа
Beruhigungsmittel	успокаивающее средство (лекарство)
ankämpfen	бороться (с чем-л., с кем-л.)
Gottesdienst	богослужение, молебен
belassen	оставлять
plädieren	произносить речь перед судом ( о прокуроре или защитнике); отстаивать какое-л. положение
unnütz	бесполезный, ненужный
Eifer	рвение, усердие, пыл
Umhang	накидка; мантилья; пелерина
Verurteilung	осуждение
gedeihen	(хорошо) расти, развиваться; уродиться
Balken	бревно, балка
Postamt	почтамт
mittendrin	разг. в самой середине (по месту)
Reinheit	чистота
Sündenbock	козёл отпущения
berechtigt	обоснованный, правомерный
Elternteil	родитель
Leuchtturm	маяк
herankommen	подходить, приближаться
Schlafanzug	пижама
voraussagen	предсказывать, прогнозировать
durchleben	переживать, пережить
Theke	прилавок, (буфетная) стойка
verheilen	заживать
hiesig	здешний
dasitzen	присутствовать (сидя)
Republikaner	республиканец
Rückstand	задолженность, долг
abkühlen	охлаждать, остужать, охлаждаться, остывать
Mahl	пища, трапеза, обед, ужин
Bahnsteig	перрон, платформа
Erkrankung	заболевание
enttäuscht	разочарованный
Staatsanwaltschaft	прокуратура
Baumwolle	хлопок
reimen	рифмовать
üblicherweise	обычно, часто, широко
schwerfallen	даваться с трудом
verhängen	завешивать, налагать
vererben	передавать по наследству, завещать (кому-л.)
empor	вверх
liegenlassen	оставлять (лежать) (где-л.); забывать
verwundbar	уязвимый
traumhaft	сказочный, упоительный
Vorsatz	форзац, нахзац
gewählt	избранный, выбранный
Verkleidung	переодевание
folglich	в дальнейшем, впредь, в будущем, на будущее
erfolglos	безуспешный
verschlossen	запертый, закрытый
stinksauer	очень недовольный
Falte	складка, морщина
dahinterstecken	стоять за этим
bevorstehend	предстоящий
Wolle	шерсть, подшёрсток
Straßenrand	край дороги, обочина
gewährleisten	гарантировать, обеспечивать (что-л.); поручиться ( за что-либо)
Schaum	пена
herauf	вверх, наверх
Unsterblichkeit	бессмертность
denkbar	мыслимый
Saat	сев, посев, сеяние, семенной материал
ausschlagen	брыкаться, лягаться, выбивать, вышибать
Nummernschild	щиток с номерным знаком
meditieren	размышлять
verdient	заслуженный, заслуживать
schälen	чистить
Spielregel	правила игры
Energiequelle	источник энергии
Waschbär	енот
entfachen	разжигать, раздувать
Beteiligung	участие
Aufruf	призыв
geschätzt	уважаемый, почтенный
Abzeichen	значо́к, знак
Kundin	клиентка
seelisch	душевный, психический
Beachtung	принятие во внимание; соблюдение (правила)
betrübt	грустный
Spüle	катушка; бобина; шпуля, шпулька
schwerwiegend	веский
Armbanduhr	наручные часы
Schneemann	снежная баба, снеговик
hinwegkommen	преодолеть, пережить (что-л. неприятное)
sprechend	говорящий
weiterleiten	передавать
behüten	оберегать
Schleife	бант; лента
selbstsüchtig	себялюбивый, эгоистичный; корыстный
geehrt	уважаемый, польщён
involvieren	заключать (содержать) в себе, включать в себя; повлечь за собой
Häschen	зайчонок
absichern	защищать, предохранять (от чего-л.); застраховать (от чего-либо)
Arznei	лекарство
Malerei	картина, живопись
verhexen	околдовать; перен. тж. очаровывать, чаровать
verwischen	стирать, смазывать (написанное и т. п.)
unmoralisch	безнравственный
machbar	осуществимый, выполнимый
umfassend	обширный, широкий
übereinstimmen	совпадать (напр., с чьим-л. мнением)
fehl	неправильно, ошибочно
Faulpelz	лентяй, лежебока, лодырь
Ausblick	вид, перспектива
gläubig	верующий
Märtyrer	мученик
Begrüßung	приветствие
berüchtigt	пресловутый, пользующийся дурной славой
freisetzen	освобождать
Vernichtung	уничтожение, истребление; разрушение
Arche	ковчег
Büchse	банка, ружьё, винтовка
standhalten	выдерживать
einfädeln	вдевать (нитку в иголку)
zuweisen	направлять, назначать (кого-л., напр., на работу)
verzweifeln	отчаиваться
ducken	пригибаться
Achse	ось
Übersee	(употр. без артикля) заокеанские (трансатлантические) страны
unverheiratet	холостой, незамужняя, неженатый
Optimist	оптимист
beleidigend	обидный, оскорбительный
Reim	рифма
Beamter	чиновник
Berühmtheit	известность; слава
entlasten	разгружать, освобождать (от чего-л.)
sterbend	умирающий
Jackett	пиджак
Schlinge	петля, силок
Hexerei	волшебство, колдовство
zusammenziehen	стягивать, суммировать, складывать, съезжаться
schamlos	непристойный, бесстыдный, наглый, циничный
größtenteils	преимущественно; главным образом
Liebende	влюблённые
krabbeln	ползать
Blutbad	кровопролитие
unschlagbar	непобедимый, несокрушимый
Krabbe	краб
anschlagen	прибивать
Lehrling	ученик (на производстве, у ремесленника)
Gemeinsamkeit	общность
rücksichtsvoll	тактичный, обходительный
Bestand	запас, фонд, состав
Vorort	пригород
unbegrenzt	неограниченный
Rückgrat	хребет
Gerichtshof	суд, судебная палата, трибунал
hierlassen	оставлять здесь
tappen	тяжело ступать
Aufklärung	разъяснение, прояснение, разведка
Schlaftablette	снотворное
Kleiderschrank	бельевой шкаф
belehren	~ поучать, учить (кого-л. чему-л.); наставлять (кого-л.); давать сведения (кому-л. о чём-л.)
Auserwählte	избранница
Wohlergehen	здоровье
aufdringlich	назойливый
unverändert	неизменившийся
hundertmal	сотню раз
vorspielen	играть, проигрывать
rasend	неистовый, бешеный, буйный, стремительный
Apfelkuchen	яблочный пирог
Rentner	пенсионер
schädigen	поврежда́ть
Schimpanse	шимпанзе
Blase	пузырь
Alarmanlage	сигнализация
einteilen	подразделять (на что-л.)
Ankündigung	объявление, оглашение; возвещение; сообщение, извещение, уведомление
unangemessen	несоответствующий (об оплате)
verkürzen	укорачивать
samstags	по субботам
Anmut	грация; прелесть, привлекательность
verkommen	разложи́ться, дегради́ровать, опускаться
verdauen	переваривать
fragwürdig	сомнительный
Denker	мысли́тель
Zeitraum	период
Beratung	совещание, консультация
Klopapier	туалетная бумага
leiblich	родной, кровный
herumsitzen	сидеть (кругом) (вокруг чего-л.)
unaufhörlich	непрестанно
Zusammenbruch	развал, распад, катастрофа; крушение, провал, крах
Hebamme	акушерка, повитуха
Darsteller	исполнитель, актёр
Pflege	присмотр, уход (за кем-либо); попечение, забота (о ком-либо, о чём-либо)
erhöht	повышенный
häuslich	домашний
aufkreuzen	морск. лавировать против ветра
erschweren	затруднять
Kleinstadt	провинциальный городок, маленький городок
arbeitend	работающий
anbeten	поклоняться
wälzen	ворочать, ворочаться, сворачивать, переворачивать
Bestechung	взяточничество
rausfliegen	вылететь, быть выгнанным
vertagen	отложить
schmollen	дуться (на кого-л.), капризничать, надувать губы
Pfahl	столб
Rückschlag	обратный удар; возврат (мяча); отдача (при выстреле); ответная реакция
ätzend	едкий
Zielscheibe	мишень
Antenne	антенна
Zauberstab	волшебная палочка
Moos	мох, бабки, Мос
entwickelt	развитый, разработанный
Heimatstadt	родной город
Wandel	изменение
Offenbarung	откровение
Schenkel	бедро
zischen	шипеть
Keim	начало, ростки, росток, завязь
Pforte	ворота, врата
herrichten	устраивать, приготовлять; обставлять (квартиру), оборудовать; накрывать (на стол)
kugelsicher	пуленепробива́емый
Menschenmenge	толпа; многолюдье
Intensivstation	реанимация, интенсивная терапия
Linse	чечевица, линза
gesegnet	джакузи
sprachlos	немой, безмолвный
ausrufen	выкрикивать, восклицать
auferstehen	воскресать
Schwamm	губка, гриб
Tau	роса, верёвка, тау
vorankommen	двигаться вперёд
Straßenbahn	трамвай
bücken	наклоняться
Volltreffer	воен. прямое попадание
Lenkrad	руль
Befreiung	освобождение, избавление (von D от кого-л., от чего-л.; aus D от чего-л., из чего-л.)
barmherzig	милосердный
weggeben	отдавать (в чьё-л. распоряжение), предоставлять
Mylady	миледи
Ais	ас, туз
Klartext	открытый текст, незашифрованный текст
Säge	пила
erfrischend	освежающий
schikanieren	придираться (к кому-л.); причинять неприятности (кому-л.); мучить (кого-л.); преследовать (кого-л.)
mürrisch	угрюмый
gefroren	замёрзший, замороженный
ausweisen	высылать; выдворять (из пределов государства)
vorsingen	петь, напевать (что-л. кому-л.), исполнять (напр., песню)
antreffen	заставать, застать
stottern	заикание
Schiene	рельс, полоса, планка, шина
drittens	в-третьих
Stecker	ште́кер
Mädchenname	женское имя
schärfen	приправлять, делать (более) острым, затачивать
Überprüfung	проверка, проверочное испытание; контроль
Akku	аккумулятор
entfalten	развёртывать; расправлять; распускать (паруса); раскрывать (парашют)
abtrennen	отделять
Dolmetscher	устный переводчик, толмач
herziehen	приближаться, переезжать (сюда), злословить обрушиваться, тащить волочить (за собой)
Razzia	газья, разья, облава, шухер
tagen	светать, рассветать, заседать
Funkgerät	радиоаппаратура
Essig	уксус
aufschieben	откладывать, отсрочивать
Peso	песо (денежная единица в ряде стран Южной Америки)
Vogelscheuche	пугало, чучело
andernfalls	в противном случае, иначе
Spatz	воробей
Fleiß	трудолюбие, прилежание
unzuverlässig	ненадёжный, недостоверный (об источнике); неблагонадёжный (о людях)
eingehend	тщательный
nachlässig	небрежный, неаккуратный
unvollständig	неполный
Gratulation	поздравление
landesweit	по всей стране
Pfütze	лужа
voraussehen	предвидеть
damalig	тогдашний
Hautfarbe	цвет кожи (человека)
Nervenzusammenbruch	нервный срыв
Verlag	издательство, издательский дом
einklemmen	защемлять, прищемлять
Umsatz	оборот, обмен
einwickeln	завёртывать; пеленать; закатывать; бинтовать; накручивать (волосы на бигуди)
selbständig	самостоятельный; независимый
Autofahrer	водитель автомобиля
Stütze	опора
Landsleute	земляки
sprühen	разлетаться, распыляться, разбрызгиваться
Praktikum	практика
hinschicken	послать туда, отправить
Aufwand	расходы, затраты, издержки
Träger	бретелька, балка
einspringen	впрыгивать, вскакивать (на трамвай и т. п.)
aufbleiben	не ложиться спать, бодрствовать
augenblicklich	мгновенный, настоящий, сейчас, мигом
minderjährig	несовершеннолетний (не достигший 18 лет - в ГДР, не достигший 21 года - в ФРГ)
Wimper	ресница, ресничка
handhaben	использовать, обращаться
abgelegen	отдалённый
auswirken	сказываться, отражаться
Teilnahme	участие, сочувствие, заинтересованность
begnadigen	помиловать, амнистировать; прощать; смягчать наказание
hupen	сигналить
Eiscreme	мороженое
akzeptabel	приемлемый
Schweinerei	бардак, свинство
Feldwebel	сержант, фельдфебель
Schwächling	слабый (слабосильный, хилый, болезненный) человек
beieinander	вместе, рядом
wegräumen	убирать
Hochzeitsreise	свадебное путешествие
Zange	плоскогубцы
heimzahlen	отплатить, отомстить (кому-л. за что-л.), расквитаться (с кем-л. за что-л.)
Freier	жених
einfügen	вставлять
Testergebnis	результат анализа
Ablehnung	отказ, неприязнь, отвращение
Gelehrter	учёный
Lira	фин. бывшая итальянская денежная единица (1 лира = 100 сентесимо)
verseuchen	заражать
durchbohren	пронзать, пробуравить
materiell	материальный
Nahrungsmittel	продукт питания
Währung	валюта
Windschutzscheibe	лобовое стекло
verletzlich	легко уязвимый, ранимый
Cheeseburger	чизбургер
bang	боязливый, робкий
Aufrichtigkeit	искренность
Neugierde	любопытство
Umlaufbahn	орбита
wohltätig	благотворный, полезный
Schlagzeug	ударная установка
überglücklich	очень счастливый
Bauchschmerz	боль в животе
Stachel	жало
erliegen	поддаваться
Sonde	зонд
Schwiegertochter	сноха, невестка
schaufeln	копать, рыть
Skizze	эскиз, набросок, рассказ, очерк
ungelöst	нерешённый
Urteilsvermögen	способность к вынесению суждения
kitschig	низкопробный, пошлый, безвкусный, халтурный (о произведениях литературы и искусства)
Verkäuferin	продавщица
Mondlicht	лунный свет
Aufschub	отсрочка
Abteil	купе
abstoßend	отталкивающий, отвратительный
schaukeln	качать
überallhin	повсюду, везде
Kleinkind	малолетний ребёнок
Versorgung	снабжение, обеспечение
verstauen	убирать, убрать
anpacken	хватать, приступать, приниматься
Nachsicht	снисходи́тельность, снисхожде́ние
Schraubenzieher	отвёртка
Schlumpf	смурф, смурфик
ausgebucht	забронирован, всё занято
einwilligen	соглашаться (на что-л.)
Aussprache	произношение, выговор, объяснение
Lebenszeichen	признак жизни
Gläschen	стаканчик, рюмка, рюмочка
vermehren	увеличивать, умножать, размножаться
Klingel	звонок
Pumpe	насос, сердце
feindselig	враждебный, недружелюбный
furchterregend	устрашающий
Einführung	введение
Auflage	обязанность, выполнять обязательства, тираж
Nachtigall	соловей
verschulden	задолжать
vereinfachen	упрощать
Kaiserin	императрица
Fährte	след
Hektar	гектар
Bleibe	пристанище
Pantoffel	домашняя туфля (без задника)
bedauerlicherweise	к сожалению
hochheben	поднимать ( поднять )
üppig	пышный (о фигуре)
Miene	вид, выражение, мина
Pott	горшок
Außenwelt	внешний мир
ungelegen	неудобный, неблагоприятный
Zirkel	циркуль, кружок
Turnschuh	кед
Offenheit	открытость
Rübe	корнеплод ; [2] свёкла ; [3a] репа, тыква
Zensur	оце́нка, отме́тка, цензу́ра
schildern	описать, изобразить, рассказать
Anstellung	зачисление на службу, приём на работу
Gaul	конь, лошадь
morgig	завтрашний
Einigung	объединение, соглашение
Aberglaube	суеверие
unverzeihlich	непростительный
Fernglas	бинокль
misshandeln	жестоко [плохо] обращаться (с кем-л, с чем-л), истязать (кого-л), издеваться (над кем-л, над чем-л)
abwischen	стирать, вытирать (пыль и т. п.)
bizarr	причудливый
Minderjährige	несовершеннолетний, несовершеннолетняя
entmutigen	лишать
Unwetter	непогода
betreffend	относительно
Strohhalm	соломинка
zügeln	сдерживать, обуздывать
deprimiert	подавленный, в депрессии
Kaff	мякина, высевки
beiwohnen	присутствовать (где-л.)
zerschneiden	разрезать (на куски); изрезать
schwinden	убывать, исчезать
Anbetracht	учитывая, принимая во внимание
austreten	выходить (из строя, на открытое место)
Sichtweise	взгляд (на что-л)
Verbündeter	союзник
entschieden	решительно
Möhre	морковь
Lieferant	поставщик
Zeugenaussage	юр. свидетельское показание
flachlegen	повалить
aufwühlen	будоражить, волновать
unerhört	неслыханный
siebzehn	семнадцать
versohlen	подшивать (прибивать) подмётки (к обуви)
hintun	деть, положить
Mandel	миндаль, миндальное дерево
Ehrfurcht	глубокое уважение, почтение (к кому-л., к чему-л.); благоговение (перед кем-л., перед чем-л.)
freinehmen	sich ~ отпроситься, взять выходной (день)
Bündel	связка, сноп; котомка
Jacht	яхта
abstatten	наносить визит
abfallen	опадать, отпадать, оставаться, оступаться
verstellen	притворяться, притвориться
Toilettenpapier	туалетная бумага
Äußerung	высказывание, отзыв, выражение, проявление
Wirbelsäule	позвоночник, позвоночный столб
Streifenwagen	патрульная (полицейская) машина
durchsichtig	гласный
verdenken	ставить в вину (кому-л.)
Darbietung	предложение
klebrig	клейкий, липкий
Spatzen	воробьи
Bach	ручей, речка, Бах
zähmen	приручать
empört	возмущённый
unverantwortlich	безответственный
beschmutzen	загрязнять, засорять, пачкать
Schwachstelle	экон. узкое место
Migräne	мигрень
Anhalter	анхальтец, ангальтец (житель Анхальта, Ангальта)
Lieblingsfarbe	любимый цвет
tarnen	маскировать, скрывать; камуфлировать
Fußstapfen	следы, стопы
eineinhalb	полтора
Aufsehen	смотреть вверх, уважать
Fetzen	клочок, обрывок
Ausgangssperre	комендантский час
dreist	наглый, дерзкий
aufdrehen	отвёртывать, открывать (вращая)
vermachen	завещать
Pflaume	слива
Sportwagen	спортивный автомобиль, спорткар
beleuchten	освещать
bestehend	существующий
herausragend	выдающийся, значительный
Diplomatie	дипломатия
Schar	толпа, лемех, сошник
imaginär	мнимый, воображаемый, кажущийся
Walzer	вальс
Durchmesser	диаметр
lokalisieren	локализовать (определять, определить местоположение)
Menschenverstand	человеческий разум
Stellvertreter	заместитель
aushändigen	вручать, выдавать (на руки), передавать (из рук в руки, с рук на руки)
Maultier	мул
erachten	признавать, рассматривать, считать
zwitschern	щебетать, опрокинуть стакан, выпить, жахнуть
Stäbchen	палочка; прутик
zuwenden	поворачивать (что-л. к кому-л., к чему-л.)
einwerfen	бросать (что-л. внутрь чего-л.); опускать (бюллетень, письмо, монету в щель автомата)
vergesslich	забывчивый
abhacken	откалывать, отрубать, отщеплять
nageln	забивать гвоздь
Bankräuber	грабитель банков
zurückweisen	отка́зывать
Anzahlung	задаток, первоначальный взнос
Richterin	судья
startklar	готов к старту
Pate	крёстный отец
Umfang	окружность
zuschreiben	разг. приписать (что-либо, напр., к письму), сделать приписку
aufschließen	открывать; отмыкать; отпирать (замок, дверь)
rankommen	подобраться, дотянуться
verstricken	израсходовать при вязании (напр., шерсть)
Fußabdruck	след стопы
Schnupfen	нюханье, насморк
anbrennen	зажигать, зажигаться
Belang	значение, требования, интересы, в этом отношении
Silbe	слог
Gebäck	печенье, выпечка
langgehen	идти вдоль, пройти
Furz	груб. пердь, пердёж
erkennbar	узнаваемый
Durchfall	понос, провал
gemacht	сделанный
abkriegen	получать свою долю (тж. перен.)
Schlappschwanz	пренебр. тряпка (о человеке)
kreischen	визжать, взвизгнуть, верещать, скрипеть
ausspannen	распрягать, выпрягать (лошадей)
kämmen	расчесывать
voreingenommen	предубеждённый, пристрастный, предвзятый
Schürze	передник, фартук
glaubhaft	правдоподобный, вероятный
sausen	шуметь, свистеть
Iren	ирландцы
Nachttisch	ночной столик, тумбочка
unordentlich	неопрятный, непорядочный
abergläubisch	суеверный
Krimi	детектив
ausspionieren	разузнать, выведать, разведать, разнюхать; выследить
