teilweise	частично, отчасти
Staffel	сезон (сериала)
generell	общий, в целом
abonnieren	подписываться
doll	здорово, круто
dementsprechend	соответственно
beispielsweise	например
umsetzen	реализовать, осуществить
Abo	подписка
verlinken	дать ссылку
Klausur	письменный экзамен, контрольная
streamen	стримить
hochladen	загружать, выкладывать
drinne	внутри
Einatmen	вдыхать
allererste	самый первый
Ausatmen	выдыхать
Nagel	гвоздь, ноготь
Endeffekt	итог, в конечном счёте
Challenge	челлендж, испытание
Dings	штуковина
insbesondere	особенно, в особенности
einbauen	встроить
gesellschaftlich	общественный, социальный
daraufhin	затем, вслед за этим
Oberteil	верх (одежды), верхняя часть
bewerten	оценивать
währenddessen	тем временем
Blende	диафрагма, заслонка
Webseite	веб-сайт
Quatschen	болтать
zwischendurch	между делом, время от времени
spätestens	самое позднее
wirtschaftlich	экономический
Streamer	стример
schminken	краситься, наносить макияж
einblenden	показывать на экране, вставлять
nachvollziehen	понять, проследить
Döner	дёнер
Sonnencreme	солнцезащитный крем
Kasper	петрушка, шут
Horrorfilm	фильм ужасов
oha	ого
Großteil	большая часть
Fazit	вывод, итог
Dreh	съёмка, поворот
stechen	колоть, жалить
zusammenfassen	подытожить, обобщить
Einblick	представление, ознакомление
Taste	клавиша, кнопка
einigermaßen	более или менее, до некоторой степени
Review	обзор, рецензия
erkunden	исследовать, разведать
shoppen	ходить по магазинам
visuell	визуальный, зрительный
abgehen	отходить, отрываться
damalig	тогдашний
Packung	упаковка, пачка
Wechsel	смена, перемена
Branche	отрасль, сфера
auseinandersetzen	разобраться, спорить
durchschnittlich	средний, в среднем
einordnen	классифицировать, распределять
durchlesen	прочитать целиком
Obsidian	обсидиан
Ansatz	подход, начало, зачаток
kausal	причинный, каузальный
Fortsetzung	продолжение
jeweilig	соответствующий, каждый данный
labern	болтать чепуху
etablieren	утвердиться, основать
Anmachen	включать, зажигать
Kampagne	кампания
lila	лиловый, фиолетовый
First	конёк (крыши)
Rabatt	скидка
äußern	высказывать, выражать
Nachhinein	задним числом, потом
Sonnenfinsternis	солнечное затмение
aussortieren	отсортировать, отбраковать
Bewertung	оценка
Recherche	поиск информации, изыскания
hinbekommen	справиться, суметь
Inszenierung	постановка, инсценировка
Ausschnitt	фрагмент, вырез
gell	правда?, да?
Trocknen	сушка, сушить
posen	позировать
vorbeischauen	заглянуть, зайти
auftreten	выступать, появляться
überfordern	перегружать, предъявлять чрезмерные требования
vermeintlich	мнимый, предполагаемый
Pulli	пуловер, свитер
hinterfragen	ставить под вопрос, задумываться
realisieren	осознать, реализовать
Wimper	ресница
liken	лайкать
Abonnent	подписчик
bisherig	прежний, нынешний
Verfassungsschutz	ведомство по охране конституции
aufwendig	трудоёмкий, дорогостоящий
rechtlich	правовой, юридический
Hörbuch	аудиокнига
Anfassen	трогать, прикасаться
teils	отчасти, частично
Thematik	тематика
Vorlage	образец, шаблон
ausschließlich	исключительно, только
Erzählung	рассказ, повествование
grundlegend	основополагающий, коренной
ballern	палить, стрелять
recherchieren	искать информацию, исследовать
zocken	играть (в игры), играть на деньги
surfen	сёрфить, заниматься сёрфингом
Aufbau	структура, строительство
reinstecken	всунуть, вложить
sonstig	прочий, другой
Zeitraum	период, промежуток времени
hochwertig	высококачественный
Darstellung	изображение, изложение
anderthalb	полтора
Schauspiel	спектакль, пьеса
Lagerhaus	склад
casten	проводить кастинг
Bundeskanzler	федеральный канцлер
Matte	коврик, мат
christlich	христианский
anstehen	стоять в очереди, предстоять
Kante	край, кромка
mitgeben	дать с собой
Soße	соус
Leinwand	экран, полотно
einräumen	убрать, уступить, признать
zweieinhalb	два с половиной
Mus	пюре, мусс
Drumherum	всё вокруг, антураж
hypen	хайпить
fighten	драться, сражаться
Handfläche	ладонь
propagandistisch	пропагандистский
Bachelorarbeit	бакалаврская работа
Produzent	продюсер, производитель
Präsentation	презентация
Concealer	консилер
Luxus	роскошь
auswandern	эмигрировать
verbrauchen	потреблять, расходовать
Augenbraue	бровь
Darsteller	актёр, исполнитель
Messe	ярмарка, месса
Heu	сено
Üben	упражняться, тренироваться
verpacken	упаковывать
Wahrnehmung	восприятие
Sternchen	звёздочка
Voraussetzung	предпосылка, условие
Bösewicht	злодей
zugänglich	доступный
Verschwörungstheorie	теория заговора
Zyklop	циклоп
Wahrscheinlichkeit	вероятность
Ankündigung	объявление, анонс
Anbieter	поставщик, провайдер
Geheimtipp	секретный совет, находка
rechtsextrem	праворадикальный
Thumbnail	превью, миниатюра
Einkauf	покупка, закупка
Baustelle	стройка, стройплощадка
Philosoph	философ
Sonnenbrille	солнцезащитные очки
Mem	мем
Wachstum	рост
Schleife	бант, петля
Vorhersage	прогноз, предсказание
Standort	местоположение, локация
runterfallen	упасть, свалиться
unterhaltsam	развлекательный, занимательный
Leser	читатель
unmittelbar	непосредственный, прямой
nachschauen	посмотреть, проверить
aufladen	заряжать, загружать
Aufklärung	просвещение, разъяснение
joggen	бегать трусцой
drittens	в-третьих
Akku	аккумулятор
regelrecht	настоящий, прямо-таки
oberflächlich	поверхностный
Anspielung	намёк
inhaltlich	содержательный, по содержанию
selbständig	самостоятельный, независимый
Verlag	издательство
Beleg	доказательство, чек
Berichterstattung	освещение (в СМИ), репортаж
Verfilmung	экранизация
mehrfach	неоднократно, многократно
Periode	период
Klammer	скобка, скрепка
Screenshot	скриншот
Bücherregal	книжная полка
schädlich	вредный
Pinsel	кисть, кисточка
Aufruf	призыв, вызов
monatlich	ежемесячно, ежемесячный
Po	попа
Rechenschaft	отчёт, ответственность
separat	отдельный, раздельный
zuordnen	отнести, причислить
Bruch	перелом, разрыв
heizen	отапливать, топить
Verpackung	упаковка
Platte	пластина, плита, пластинка
tendenziell	как правило, в целом
ausstatten	оснастить, снабдить
weben	ткать
Hauptfigur	главный герой
Buchladen	книжный магазин
eigenständig	самостоятельный, независимый
Straftat	преступление
Doku	документалка
Entwickler	разработчик
Hinterkopf	затылок
Gag	шутка, прикол
mittendrin	в самой гуще, посередине
queer	квир, квирный
unnormal	ненормальный
Diskurs	дискурс
Anleitung	инструкция, руководство
Zielgruppe	целевая аудитория
präsent	присутствующий, наличный
Leistungskurs	профильный курс (в гимназии)
Mudschahed	моджахед
basteln	мастерить
Metal	метал
Ananas	ананас
Ausstellung	выставка
Durchschnitt	среднее, средний показатель
Matcha	матча
Anstieg	подъём, рост
Vormittag	первая половина дня, утро
urban	городской
canceln	отменять, канселить
Ruine	руина, развалины
Adel	дворянство, аристократия
hinkommen	добраться, попасть
ausführlich	подробный
Erkrankung	заболевание
Puder	пудра
begründen	обосновывать
primär	первичный, основной
geisteskrank	душевнобольной, сумасшедший
fiktiv	вымышленный, фиктивный
befestigen	закреплять, прикреплять
Parfüm	духи, парфюм
After	анус
beleuchten	освещать
öfters	почаще, довольно часто
Shooting	фотосессия
ranken	виться, обвиваться
Pflege	уход, забота
Nagellack	лак для ногтей
rar	редкий
vorletzte	предпоследний
verknüpfen	связывать, соединять
Jahrtausend	тысячелетие
Wohlstand	благосостояние, достаток
Lebensqualität	качество жизни
vertiefen	углублять
Stückchen	кусочек
jährlich	ежегодный, ежегодно
durchsichtig	прозрачный
verheiratet	женатый, замужем
Ordner	папка, организатор
Hersteller	производитель
Schwangerschaft	беременность
Einnahme	доход, выручка, приём (лекарства)
Wandel	перемена, изменение
spaßig	забавный, весёлый
Pilates	пилатес
eingeben	вводить, вводить (данные)
Weide	ива, пастбище
quer	поперёк, наискось
ausstrahlen	излучать, испускать
Übergang	переход
logischerweise	логически, по логике
Mülleimer	мусорное ведро
getrauen	осмеливаться, решаться
bodenlos	бездонный, беспредельный
spalten	раскалывать, расщеплять
fertigen	изготавливать, производить
Bindung	привязанность, связь
eintragen	вносить, записывать
wasserfest	водостойкий
andersrum	наоборот, в другую сторону
autoritär	авторитарный
Vers	стих, строка
Stativ	штатив
Bund	союз, федерация
Zopf	коса
nichtsdestotrotz	тем не менее
Unsicherheit	неуверенность, неопределённость
Ausblick	вид, перспектива
pushen	продвигать, поддерживать
erheblich	значительный
Vordergrund	передний план
vorherig	предыдущий, прежний
bedingen	обусловливать
eineinhalb	полтора
nachvollziehbar	понятный, объяснимый
Aufwand	затраты, расходы, усилия
Anwendung	применение, приложение
Adventskalender	адвент-календарь
vereinfachen	упрощать
privilegiert	привилегированный
vorankommen	продвигаться вперёд
abbauen	демонтировать, сокращать, добывать
handwerklich	ремесленный, кустарный
zusammensetzen	собирать, состоять из
ausschauen	выглядеть, высматривать
glänzen	блестеть, сиять
nachlesen	перечитать, посмотреть (в книге)
konsequent	последовательный
solide	солидный, прочный
Speicher	накопитель, память, склад
Stecker	штекер, вилка
gotisch	готический
Fassung	редакция, версия, самообладание
klatschen	хлопать, аплодировать
Playlist	плейлист
verschicken	рассылать, отправлять
gießen	лить, поливать
Teilchen	частица
gesundheitlich	связанный со здоровьем
Kartenspiel	карточная игра
riesengroß	огромный
Zutat	ингредиент
Abgeordneter	депутат
pennen	дрыхнуть, спать
entfalten	развёртывать, раскрывать
legitim	законный, легитимный
Unwissenheit	невежество, незнание
Drang	порыв, стремление
anmerken	заметить, отметить
Agentur	агентство
Zusammenfassung	краткое изложение, резюме
Rückseite	обратная сторона
thematisieren	поднимать тему, затрагивать
Bundesregierung	федеральное правительство
scrollen	скроллить, прокручивать
innerlich	внутренний, душевный
ehrlicherweise	честно говоря
ausgleichen	компенсировать, выравнивать
wegräumen	убирать
reinschauen	заглянуть
Hitzewelle	волна жары
nachholen	навёрстывать, догонять
auskennen	разбираться, ориентироваться
schwanken	колебаться, шататься
loslegen	начинать, приступать
abbilden	изображать
Wendung	поворот, оборот
deutschsprachig	немецкоязычный
Blockbuster	блокбастер
Fitnessstudio	тренажёрный зал
verfilmen	экранизировать
Zusatz	добавка, дополнение
verkörpern	воплощать, олицетворять
Gemeinsamkeit	общность, общее
Umsetzung	реализация, воплощение
Kleinstadt	городок, маленький город
Schminktisch	туалетный столик
Waschbecken	раковина, умывальник
ausverkaufen	распродавать
berücksichtigen	учитывать, принимать во внимание
Tätigkeit	деятельность
stricken	вязать
Abspann	финальные титры
mythologisch	мифологический
kindlich	детский, ребяческий
Zeugnis	аттестат, свидетельство
künftig	будущий, в будущем
zaubern	колдовать, творить чудеса
faktisch	фактический
Kriterium	критерий
anprobieren	примерять
Siegel	печать, пломба
Pilz	гриб
anschreiben	написать (кому-то)
Eintritt	вход, вступление
limitieren	ограничивать
Ernährung	питание
Haarfarbe	цвет волос
Screen	экран
verblenden	ослеплять, вводить в заблуждение
Teig	тесто
Formulierung	формулировка
Pfanne	сковорода
autonom	автономный
abarbeiten	отрабатывать, разгребать
Kreuzzug	крестовый поход
Span	стружка, щепка
Begleiter	спутник, сопровождающий
Fächer	веер
Frame	кадр, фрейм
Behauptung	утверждение
Mod	мод
Ablauf	ход, протекание, сток
hinschauen	смотреть, взглянуть
Schrein	святыня, рака
aufkommen	возникать, появляться
kauen	жевать
zwischendrin	между тем, в промежутке
Loge	ложа
Weltbild	мировоззрение, картина мира
zensieren	цензурировать, оценивать
Roller	самокат, скутер
begrenzen	ограничивать
weiterlesen	читать дальше
Strick	верёвка
Rücksicht	внимание, уважение
Aufstieg	подъём, продвижение
ikonisch	культовый, знаковый
Lesung	чтение (публичное), чтение законопроекта
Most	сусло, молодое вино
ländlich	сельский, деревенский
Besonderheit	особенность
Rüssel	хобот, рыло
Kopfhörer	наушники
Deo	дезодорант
katastrophal	катастрофический
Fiebertraum	горячечный бред
rocken	зажигать, рубить (о музыке)
Raucher	курильщик
vermischen	смешивать
Glitzer	блёстки
erlangen	достигать, обретать
Rentner	пенсионер
weitgehend	значительный, в значительной степени
Gründer	основатель
Belastung	нагрузка, обременение
Gänsehaut	гусиная кожа, мурашки
Supplement	добавка, БАД
Adaption	адаптация, экранизация
buchstäblich	буквальный
Minderheit	меньшинство
Wirbelsäule	позвоночник
fragwürdig	сомнительный
Pulver	порошок, порох
Dreieck	треугольник
nahezu	почти, практически
schlussendlich	в конце концов
Schminke	косметика, макияж
Lehrkraft	преподаватель, учитель
pausieren	делать паузу, приостанавливать
hervorheben	подчёркивать, выделять
vernachlässigen	пренебрегать, запускать
werben	рекламировать, вербовать
wackeln	шататься, качаться
Spargel	спаржа
Auflösung	растворение, разрешение, роспуск
repräsentieren	представлять
Grafik	графика, график
kuscheln	прижиматься, обниматься
Gliederung	структура, план, членение
Stapel	стопка, штабель
Gymnasium	гимназия
nähen	шить
Türchen	дверца
abhaken	вычёркивать, ставить галочку
Fund	находка
Bundesland	федеральная земля
Pickel	прыщ
glitzern	блестеть, сверкать
versterben	умереть, скончаться
Bauchgefühl	интуиция, шестое чувство
Geländer	перила
einfrieren	замерзать, замораживать
Praktikum	практика, стажировка
Bestandteil	составная часть, компонент
Übersicht	обзор
Schreibstil	стиль письма
stellenweise	местами
Heizung	отопление, батарея
feministisch	феминистский
abschaffen	отменять, упразднять
Kinofilm	кинофильм
andeuten	намекать
maßgeblich	решающий, значительный
vorweg	заранее, наперёд
absprechen	отказывать, оспаривать
miterleben	быть свидетелем, переживать
Strahlung	излучение, радиация
supporten	поддерживать
Fragezeichen	вопросительный знак
zwiebeln	донимать, мучить
Eisenbahn	железная дорога
Grundgesetz	конституция, основной закон
Weihnachtszeit	рождественские дни
materiell	материальный
rankommen	добраться, дотянуться
gesetzlich	законный, установленный законом
aufzeigen	показывать, выявлять
Ladekabel	зарядный кабель
optimieren	оптимизировать
Bestätigung	подтверждение
gleichmäßig	равномерный
ineinander	друг в друга
zusammenhängen	быть связанным
schocken	шокировать
Qualle	медуза
flashen	вспыхнуть, ошарашить
Sonnenbrand	солнечный ожог
abbekommen	получить, схлопотать
einfügen	вставлять
blättern	листать
Kreislauf	кровообращение, круговорот
Lade	ящик, ларь
bange	тревожно, страшно
Knoblauch	чеснок
jumpen	прыгать
Kombi	универсал
einteilen	делить, распределять
Baumarkt	строительный магазин
Tastatur	клавиатура
vorgeben	притворяться, задавать
subtil	тонкий, изысканный
Klappentext	аннотация на обложке
abfallen	отпадать, снижаться
Tanken	заправка
Stichwort	ключевое слово, реплика
Ostern	Пасха
Umzug	переезд, шествие
Wiederholung	повторение
Verbesserung	улучшение, исправление
knüpfen	завязывать, налаживать
minderjährig	несовершеннолетний
unbewusst	неосознанный, бессознательный
umsteigen	пересаживаться, переходить
widerlegen	опровергать
Pflaster	пластырь, мостовая
reinschreiben	вписать
Perücke	парик
greifbar	осязаемый, ощутимый
vergleichsweise	сравнительно, относительно
indisch	индийский
ausnahmsweise	в виде исключения
nachweisen	доказать, подтвердить
zeitweise	временами, временно
Schultag	школьный день
vergleichbar	сопоставимый, сравнимый
dreifach	тройной
Versorgung	снабжение, обеспечение
Hülle	оболочка, чехол
hocken	сидеть на корточках, торчать
ausreichen	хватать, быть достаточным
Beamter	чиновник
Reiz	раздражитель, прелесть
Musikvideo	клип, музыкальное видео
seitlich	боковой, сбоку
Vorurteil	предрассудок
abkühlen	охлаждать, остывать
Lot	отвес, припой
Lore	вагонетка
aufrufen	вызывать, призывать
entschließen	решаться
Anführungszeichen	кавычки
Auseinandersetzung	спор, разбор, столкновение
Träger	носитель, лямка, балка
Verarbeitung	обработка, переработка
Schmerztablette	обезболивающая таблетка
altgriechisch	древнегреческий
umstritten	спорный
Impressum	выходные данные, импрессум
performen	выступать, показывать результат
verschenken	дарить, раздаривать
Oberkörper	верхняя часть тела
woke	воук, прогрессистский
Meilenstein	веха
vorbeigehen	проходить мимо
windig	ветреный
Biografie	биография
Nostalgie	ностальгия
Verteidiger	защитник
Cloud	облако, облачное хранилище
Magier	маг, волшебник
löffeln	есть ложкой
selbstbewusst	уверенный в себе
vorlegen	представить, предъявить
Eizelle	яйцеклетка
Arbeitsspeicher	оперативная память
Einwanderung	иммиграция
hierzu	для этого, к этому
glaubwürdig	достоверный, правдоподобный
hinziehen	тянуть, затягиваться
kürzen	сокращать, укорачивать
Impfung	прививка
wohlhabend	состоятельный, зажиточный
Schnitzel	шницель
Masche	петля, уловка
tracken	отслеживать, трекать
Vortag	предыдущий день
Verband	союз, повязка, объединение
Balken	балка, бревно
verschlossen	запертый, замкнутый
geplant	запланированный
Jura	юриспруденция
zwischenmenschlich	межличностный
ansteigen	возрастать, подниматься
ausleben	реализовать себя, дать волю
nachträglich	задним числом, впоследствии
Menschlichkeit	человечность, гуманность
Kanzler	канцлер
schauspielern	играть роль, притворяться
zerlegen	разбирать, расчленять
verdrängen	вытеснять
Gleis	путь, рельсы
Kulturkampf	культуркампф, борьба культур
Hack	взлом, хак
Schwung	размах, порыв
medial	медийный
Aquarell	акварель
größtenteils	по большей части
verboten	запрещённый
gottlos	безбожный
Müdigkeit	усталость
regulär	обычный, регулярный
belagern	осаждать
Atmung	дыхание
aufarbeiten	прорабатывать, разгребать
Turner	гимнаст
Waldbrand	лесной пожар
interessanterweise	что интересно
Nische	ниша
morden	убивать
dezent	сдержанный, неброский
Kleiderschrank	платяной шкаф
abgefuckt	отстойный, конченый
zugucken	смотреть, наблюдать
Powerbank	повербанк
Nagelstudio	маникюрный салон
Blase	пузырь, мозоль
allerletzte	самый последний
einheitlich	единый, единообразный
liegend	лежащий
Antagonist	антагонист
BH	бюстгальтер, лифчик
Ausmaß	масштаб, размах
zwangsläufig	неизбежный
inwiefern	насколько, в какой мере
Überlegung	размышление, соображение
denkbar	мыслимый, возможный
Bluse	блузка
auffüllen	наполнять, пополнять
Gin	джин
beschwören	заклинать, умолять
Eintrag	запись
schmieden	ковать
Bewerbung	заявка, резюме
schrauben	привинчивать, крутить
Konsens	консенсус, согласие
Macher	деятель, организатор
Förderung	содействие, добыча
Merkmal	признак, примета
einheimisch	местный
unterstreichen	подчёркивать
wöchentlich	еженедельный
höchstwahrscheinlich	вероятнее всего
Einleitung	введение, вступление
stumpf	тупой
erfrischend	освежающий
geübt	опытный, натренированный
Willensfreiheit	свобода воли
Wecker	будильник
ablösen	сменять, отделять
Hauptbahnhof	главный вокзал
anspruchsvoll	требовательный, взыскательный
Trikot	футболка, майка
verwalten	управлять, распоряжаться
Synchronsprecher	актёр озвучки
betroffen	затронутый, пострадавший
Eiweiß	белок
variieren	варьировать, изменяться
Umsatz	оборот, выручка
Isomatte	туристический коврик
Überschrift	заголовок
lustigerweise	забавно, что
Öffnung	открытие, отверстие
extern	внешний
erreichbar	достижимый, доступный
folglich	следовательно
minimalistisch	минималистичный
involvieren	вовлекать, включать
essentiell	существенный, необходимый
Wunschliste	список желаний
Masterarbeit	магистерская работа
Inhaltsstoff	ингредиент, компонент
Möwe	чайка
Feuchtigkeit	влажность, сырость
ungesund	нездоровый, вредный
umrechnen	пересчитывать, конвертировать
freischalten	разблокировать
erkennbar	различимый, узнаваемый
Wähler	избиратель
durchfallen	провалиться (на экзамене)
Einschränkung	ограничение
schonen	беречь, щадить
beliebig	любой, произвольный
unwohl	нехорошо, дурно
verstören	смущать, тревожить
knackig	хрустящий
auschecken	выписываться (из отеля)
hierfür	для этого
Erweiterung	расширение, дополнение
Händchen	ручка, ручонка
Hängematte	гамак
Bauchschmerz	боль в животе
Matsch	слякоть, грязь
Pärchen	парочка
Landtagswahl	выборы в земельный парламент
strukturell	структурный
weiterhelfen	помочь, выручить
Hürde	барьер, препятствие
Kirsche	вишня, черешня
matchen	подбирать пару, совпадать
Rückweg	обратный путь
Bananenbrot	банановый хлеб
anstrengen	напрягать, утомлять
Rohstoff	сырьё
Repräsentation	представительство, репрезентация
Prophezeiung	пророчество
schwächen	ослаблять
Selbständigkeit	самостоятельность
Schale	кожура, скорлупа
überwiegend	преимущественно, преобладающий
Steuererklärung	налоговая декларация
ärgerlich	досадный, раздражающий
Käsekuchen	чизкейк
Eingangsbereich	входная зона, прихожая
verweisen	отсылать, указывать
Komponente	компонент, составная часть
Schaufel	лопата
ungewollt	невольный, непреднамеренный
Lieblingsfilm	любимый фильм
Ablenkung	отвлечение, развлечение
muslimisch	мусульманский
postapokalyptisch	постапокалиптический
Ausbruch	вспышка, побег, извержение
unordentlich	неопрятный, беспорядочный
Ermittler	следователь, сыщик
Zivilist	гражданское лицо
hinfallen	упасть, свалиться
nachgucken	посмотреть, глянуть
vermarkten	продавать, продвигать на рынке
Betreiber	оператор, владелец
Vollzeit	полная занятость
Schuppe	чешуя, перхоть
zunehmen	увеличиваться, полнеть
ableiten	выводить, отводить
Tablet	планшет
Türkis	бирюзовый, бирюза
künstlerisch	художественный
Lesezeichen	закладка
oliv	оливковый
Lebensbereich	сфера жизни
Ananassaft	ананасовый сок
ansagen	объявлять, анонсировать
dunkelblau	тёмно-синий
Auftraggeber	заказчик, клиент
Vermieter	арендодатель, хозяин
Kirschblüte	цветение вишни
Sprit	бензин, топливо
ansatzweise	отчасти, в какой-то мере
blank	голый, начищенный
berüchtigt	пресловутый, печально известный
festmachen	закреплять, швартовать
alliiert	союзный, союзнический
Doppel	парная игра, дубль
übersichtlich	наглядный, обозримый
bemalen	раскрашивать, расписывать
Tabelle	таблица
Ausbeute	выход, добыча
Kleber	клей
Silbe	слог
Buchmesse	книжная ярмарка
Strafrecht	уголовное право
Nacho	начос
Kriegsführung	ведение войны
machbar	осуществимый, выполнимый
verfangen	действовать, подействовать
entnehmen	извлекать, заключать (из чего-л.)
Hautfarbe	цвет кожи
verbünden	объединяться, вступать в союз
byzantinisch	византийский
vorder	передний
syrisch	сирийский
umwandeln	преобразовывать, превращать
Veröffentlichung	публикация
einreden	внушать, убеждать
synchron	синхронный
Aufmerksamkeitsspanne	продолжительность концентрации внимания
Kommode	комод
Oberschenkel	бедро
parlamentarisch	парламентский
abliefern	сдавать, выдавать (результат)
Paprika	паприка, болгарский перец
Geschäftsmodell	бизнес-модель
ausräumen	опорожнять, разбирать
Staatsanwaltschaft	прокуратура
anfreunden	подружиться
zutrauen	считать способным, доверять
Zensur	оценка, цензура
Bagger	экскаватор
grinsen	ухмыляться, скалиться
Krankenkasse	больничная касса
begrenzt	ограниченный
Einzug	въезд, вступление
abstoßen	отталкивать, отпугивать
betäuben	оглушать, обезболивать
überfüllt	переполненный
Currywurst	карривурст
zeitgleich	одновременно
Soziologe	социолог
Maßstab	масштаб, мерило
zuschreiben	приписывать
bohren	сверлить, бурить
Flohmarkt	блошиный рынок
spürbar	ощутимый, заметный
generisch	обобщённый, generic
Staatsbürger	гражданин
Anliegen	просьба, дело
Nutzung	использование
aufwerten	повышать ценность, облагораживать
Ministerpräsident	премьер-министр земли
lose	свободный, незакреплённый
Ausgleich	компенсация, равновесие
engagieren	нанимать, вовлекаться
atmosphärisch	атмосферный
einarbeiten	вводить в курс дела, осваивать
Landtag	земельный парламент
Herzog	герцог
Lektüre	чтение, литература
verankern	закреплять, укоренять
resident	резидентный, постоянный
Gestaltung	оформление, дизайн
Abhängigkeit	зависимость
berechtigen	давать право, уполномочивать
befriedigen	удовлетворять
geachtet	уважаемый, почитаемый
fettig	жирный
verheerend	опустошительный, катастрофический
Beobachter	наблюдатель
massenhaft	массовый
Eiswürfel	кубик льда
Kleinkind	малыш, ребёнок
Bezeichnung	обозначение, название
Rubel	рубль
Dienstleistung	услуга
Prämisse	предпосылка, посылка
Fahrradfahrer	велосипедист
sachlich	деловой, по существу
Psychologe	психолог
zurückhaltend	сдержанный
pendeln	курсировать, ездить на работу
koptisch	коптский
Lieblingsbuch	любимая книга
traumhaft	сказочный, чудесный
Sichtweise	точка зрения, взгляд
Wegschmeißen	выбрасывать
Kratzer	царапина
kommerziell	коммерческий
Popkultur	поп-культура
Ansage	объявление, анонс
Leuchtturm	маяк
vorwegnehmen	предвосхищать, забегать вперёд
nachmittags	после обеда, днём
hergeben	отдавать, выдавать
anbauen	выращивать, пристраивать
gefüllt	наполненный, с начинкой
Kur	курс лечения, санаторий
unbequem	неудобный
Telefonat	телефонный разговор
Leichtigkeit	лёгкость
föhnen	сушить феном
Verwandlung	превращение, преображение
versteckt	спрятанный, скрытый
reinnehmen	впустить, взять внутрь
snacken	перекусывать
abdrehen	отвинчивать, сворачивать
zerschlagen	разбить, разгромить
Schätzung	оценка, прикидка
Geschlechtskrankheit	венерическая болезнь
nebenher	рядом, попутно
Ausstattung	оснащение, обстановка
Senf	горчица
konzipieren	задумывать, разрабатывать
updaten	обновлять
Gewinnspiel	конкурс, розыгрыш
demotivieren	демотивировать
abändern	изменять, переделывать
Versand	отправка, рассылка
Ambiente	обстановка, атмосфера
Vorfeld	преддверие, канун
umfassend	обширный, всеобъемлющий
Füttern	кормление, кормить
Geschmackssache	дело вкуса
Vanille	ваниль
Kippe	окурок, сигарета
Mayo	майонез
einwirken	воздействовать, влиять
Vizepräsident	вице-президент
zusagen	обещать, соглашаться, нравиться
abtrennen	отделять, отрезать
abdecken	покрывать, охватывать
Laufzeit	срок действия, продолжительность
kicken	пинать, бить по мячу
anspielen	намекать, начинать игру
Emoji	эмодзи
atemberaubend	захватывающий дух
tätowiert	татуированный
ungleich	неравный, неодинаковый
Minze	мята
unterkommen	приютиться, найти пристанище
Kritikpunkt	замечание, претензия
gewissermaßen	в некотором роде, до известной степени
Vorgabe	норматив, заданное значение, фора
Endzeit	конец света, время окончания
Umkehrschluss	обратное заключение
hervorbringen	порождать, производить
beschimpfen	ругать, обзывать
verschollen	пропавший без вести
Landwirtschaft	сельское хозяйство
abchecken	проверить, разузнать
willkürlich	произвольный, самовольный
einleiten	начинать, вводить
wiederherstellen	восстанавливать
unbeliebt	непопулярный, нелюбимый
mixen	смешивать, миксовать
Stadtteil	район города
Leserin	читательница
Elternteil	родитель
ausschlafen	выспаться
zurückgreifen	прибегать (к чему-л.)
Justiz	юстиция, правосудие
nachlassen	ослабевать, спадать
reinfallen	попасться, влипнуть
Christentum	христианство
schlüpfen	проскользнуть, вылупиться
Denker	мыслитель
Meisterschaft	чемпионат, мастерство
viermal	четырежды, четыре раза
anstoßen	толкать, чокаться
Fetzen	клочок, обрывок
anstecken	заражать, прикалывать
Unterdrückung	угнетение, подавление
verbauen	застроить, испортить постройкой
islamistisch	исламистский
fortführen	продолжать, уводить
Eingriff	вмешательство, операция
Fotoshooting	фотосессия
neuseeländisch	новозеландский
nachfragen	справляться, расспрашивать
Mieter	съёмщик, арендатор
ansiedeln	селить, поселять
Angestellter	служащий, сотрудник
Vorgeschichte	предыстория
Hüterin	хранительница
perfide	коварный, вероломный
Pleite	банкротство, провал
Belagerung	осада
Hähnchen	курица, цыплёнок
Koala	коала
Physiker	физик
Snowboard	сноуборд
verschärfen	обострять, ужесточать
mobben	травить, гнобить
Mindmap	интеллект-карта
Silvester	новогодняя ночь
aufweisen	иметь, обнаруживать
schädigen	повреждать, вредить
vorerst	пока, на первое время
farblich	цветовой
gebieten	повелевать, требовать
woraufhin	после чего
erarbeiten	разрабатывать, вырабатывать
differenzieren	различать, дифференцировать
Heft	тетрадь, выпуск
einspielen	записывать (музыку), приносить сборы
Benachrichtigung	уведомление, оповещение
kapitulieren	капитулировать, сдаваться
hochfahren	вскочить, загружаться
häkeln	вязать крючком
Verwaltung	управление, администрация
Nebensache	мелочь, второстепенное дело
Feldzug	поход, кампания
vorführen	демонстрировать, показывать
Einordnung	классификация, отнесение
bündeln	связывать в пучок, объединять
Einzel	одиночный разряд, одиночка
Akteur	действующее лицо, актёр
Besetzung	занятие, состав (актёров)
Todesfall	смертный случай
